num,date_time,temp_C,light_lux
1,07/24/2024 14:12:07,19.90,305.92
2,07/24/2024 14:32:07,20.63,161.16
3,07/24/2024 14:52:07,20.07,151.32
4,07/24/2024 15:12:07,19.90,157.88
5,07/24/2024 15:32:07,20.12,4574.72
6,07/24/2024 15:52:07,20.03,4574.72
7,07/24/2024 16:12:07,20.07,4560.64
8,07/24/2024 16:32:07,20.03,4551.68
9,07/24/2024 16:52:07,20.07,4541.44
10,07/24/2024 17:12:07,20.07,4531.20
11,07/24/2024 17:32:07,19.99,4528.64
12,07/24/2024 17:52:07,20.03,4524.80
13,07/24/2024 18:12:07,20.03,4522.24
14,07/24/2024 18:32:07,19.99,4518.40
15,07/24/2024 18:52:07,20.03,4522.24
16,07/24/2024 19:12:07,20.07,4505.60
17,07/24/2024 19:32:07,20.03,4515.84
18,07/24/2024 19:52:07,20.03,4515.84
19,07/24/2024 20:12:07,20.07,4512.00
20,07/24/2024 20:32:07,20.07,4501.76
21,07/24/2024 20:52:07,20.03,4518.40
22,07/24/2024 21:12:07,22.22,4856.32
23,07/24/2024 21:32:07,26.04,4967.68
24,07/24/2024 21:52:07,26.47,4980.48
25,07/24/2024 22:12:07,26.60,4983.04
26,07/24/2024 22:32:07,26.64,4974.08
27,07/24/2024 22:52:07,26.68,4974.08
28,07/24/2024 23:12:07,26.08,0.00
29,07/24/2024 23:32:07,25.82,0.00
30,07/24/2024 23:52:07,25.78,0.00
31,07/25/2024 00:12:07,25.78,0.00
32,07/25/2024 00:32:07,25.78,0.00
33,07/25/2024 00:52:07,25.74,0.00
34,07/25/2024 01:12:07,25.78,0.00
35,07/25/2024 01:32:07,25.74,0.00
36,07/25/2024 01:52:07,25.78,0.00
37,07/25/2024 02:12:07,25.78,0.00
38,07/25/2024 02:32:07,25.78,0.00
39,07/25/2024 02:52:07,25.78,0.00
40,07/25/2024 03:12:07,25.82,0.00
41,07/25/2024 03:32:07,25.78,0.00
42,07/25/2024 03:52:07,25.78,0.00
43,07/25/2024 04:12:07,25.78,0.00
44,07/25/2024 04:32:07,25.74,0.00
45,07/25/2024 04:52:07,25.78,0.00
46,07/25/2024 05:12:07,25.74,0.00
47,07/25/2024 05:32:07,25.82,0.00
48,07/25/2024 05:52:07,25.78,0.00
49,07/25/2024 06:12:07,25.78,0.00
50,07/25/2024 06:32:07,25.78,0.00
51,07/25/2024 06:52:07,25.78,0.00
52,07/25/2024 07:12:07,26.38,5012.48
53,07/25/2024 07:32:07,26.72,5018.88
54,07/25/2024 07:52:07,26.72,5003.52
55,07/25/2024 08:12:07,26.77,4989.44
56,07/25/2024 08:32:07,26.72,4989.44
57,07/25/2024 08:52:07,27.45,5240.32
58,07/25/2024 09:12:07,25.48,5062.40
59,07/25/2024 09:32:07,21.53,4869.12
60,07/25/2024 09:52:07,21.02,4856.32
61,07/25/2024 10:12:07,21.02,4852.48
62,07/25/2024 10:32:07,20.98,4852.48
63,07/25/2024 10:52:07,20.98,4858.88
64,07/25/2024 11:12:07,20.93,4848.64
65,07/25/2024 11:32:07,20.98,4852.48
66,07/25/2024 11:52:07,20.89,4835.84
67,07/25/2024 12:12:07,20.93,4852.48
68,07/25/2024 12:32:07,20.98,4835.84
69,07/25/2024 12:52:07,20.98,4842.24
70,07/25/2024 13:12:07,21.02,4826.88
71,07/25/2024 13:32:07,20.85,4819.20
72,07/25/2024 13:52:07,20.76,4793.60
73,07/25/2024 14:12:07,20.85,4812.80
74,07/25/2024 14:32:07,20.80,4810.24
75,07/25/2024 14:52:07,20.85,4833.28
76,07/25/2024 15:12:07,20.80,4826.88
77,07/25/2024 15:32:07,20.89,4829.44
78,07/25/2024 15:52:07,20.89,4839.68
79,07/25/2024 16:12:07,20.89,4833.28
80,07/25/2024 16:32:07,20.85,4823.04
81,07/25/2024 16:52:07,20.85,4823.04
82,07/25/2024 17:12:07,20.85,4812.80
83,07/25/2024 17:32:07,20.85,4810.24
84,07/25/2024 17:52:07,20.89,4810.24
85,07/25/2024 18:12:07,20.85,4806.40
86,07/25/2024 18:32:07,20.80,4810.24
87,07/25/2024 18:52:07,20.89,4812.80
88,07/25/2024 19:12:07,20.85,4810.24
89,07/25/2024 19:32:07,20.89,4806.40
90,07/25/2024 19:52:07,20.85,4803.84
91,07/25/2024 20:12:07,20.89,4774.40
92,07/25/2024 20:32:07,20.89,4760.32
93,07/25/2024 20:52:07,20.85,4764.16
94,07/25/2024 21:12:07,22.39,5041.92
95,07/25/2024 21:32:07,26.47,5216.00
96,07/25/2024 21:52:07,27.24,5235.20
97,07/25/2024 22:12:07,27.45,5239.04
98,07/25/2024 22:32:07,27.50,5235.20
99,07/25/2024 22:52:07,27.50,5240.32
100,07/25/2024 23:12:07,26.85,0.00
101,07/25/2024 23:32:07,26.04,0.00
102,07/25/2024 23:52:07,25.87,0.00
103,07/26/2024 00:12:07,25.82,0.00
104,07/26/2024 00:32:07,25.78,0.00
105,07/26/2024 00:52:07,25.82,0.00
106,07/26/2024 01:12:07,25.87,0.00
107,07/26/2024 01:32:07,25.82,0.00
108,07/26/2024 01:52:07,25.82,0.00
109,07/26/2024 02:12:07,25.82,0.00
110,07/26/2024 02:32:07,25.82,0.00
111,07/26/2024 02:52:07,25.82,0.00
112,07/26/2024 03:12:07,25.82,0.00
113,07/26/2024 03:32:07,25.82,0.00
114,07/26/2024 03:52:07,25.82,0.00
115,07/26/2024 04:12:07,25.82,0.00
116,07/26/2024 04:32:07,25.82,0.00
117,07/26/2024 04:52:07,25.82,0.00
118,07/26/2024 05:12:07,25.87,0.00
119,07/26/2024 05:32:07,25.82,0.00
120,07/26/2024 05:52:07,25.78,0.00
121,07/26/2024 06:12:07,25.82,0.00
122,07/26/2024 06:32:07,25.82,0.00
123,07/26/2024 06:52:07,25.82,0.00
124,07/26/2024 07:12:07,26.60,5260.80
125,07/26/2024 07:32:07,27.41,5278.72
126,07/26/2024 07:52:07,27.54,5278.72
127,07/26/2024 08:12:07,27.58,5263.36
128,07/26/2024 08:32:07,27.63,5255.68
129,07/26/2024 08:52:07,27.63,5248.00
130,07/26/2024 09:12:07,25.48,5075.20
131,07/26/2024 09:32:07,21.53,4865.28
132,07/26/2024 09:52:07,21.06,4846.08
133,07/26/2024 10:12:07,21.06,4894.72
134,07/26/2024 10:32:07,20.93,4682.24
135,07/26/2024 10:52:07,20.93,4672.00
136,07/26/2024 11:12:07,20.89,4678.40
137,07/26/2024 11:32:07,20.89,4675.84
138,07/26/2024 11:52:07,20.93,4672.00
139,07/26/2024 12:12:07,20.89,4672.00
140,07/26/2024 12:32:07,20.93,4669.44
141,07/26/2024 12:52:07,20.85,4663.04
142,07/26/2024 13:12:07,20.98,4678.40
143,07/26/2024 13:32:07,20.93,4663.04
144,07/26/2024 13:52:07,20.93,4672.00
145,07/26/2024 14:12:07,21.02,4587.52
146,07/26/2024 14:32:07,20.89,4590.08
147,07/26/2024 14:52:07,20.93,4593.92
148,07/26/2024 15:12:07,20.93,4583.68
149,07/26/2024 15:32:07,20.93,4583.68
150,07/26/2024 15:52:07,20.93,4577.28
151,07/26/2024 16:12:07,20.93,4583.68
152,07/26/2024 16:32:07,20.93,4590.08
153,07/26/2024 16:52:07,20.93,4581.12
154,07/26/2024 17:12:07,20.93,4587.52
155,07/26/2024 17:32:07,20.93,4583.68
156,07/26/2024 17:52:07,20.89,4583.68
157,07/26/2024 18:12:07,20.93,4583.68
158,07/26/2024 18:32:07,20.98,4577.28
159,07/26/2024 18:52:07,20.93,4581.12
160,07/26/2024 19:12:07,20.93,4581.12
161,07/26/2024 19:32:07,20.98,4581.12
162,07/26/2024 19:52:07,20.93,4581.12
163,07/26/2024 20:12:07,20.93,4581.12
164,07/26/2024 20:32:07,20.98,4577.28
165,07/26/2024 20:52:07,20.98,4570.88
166,07/26/2024 21:12:07,22.52,4797.44
167,07/26/2024 21:32:07,26.38,4957.44
168,07/26/2024 21:52:07,27.20,4976.64
169,07/26/2024 22:12:07,27.37,4976.64
170,07/26/2024 22:32:07,27.50,4976.64
171,07/26/2024 22:52:07,27.50,4976.64
172,07/26/2024 23:12:07,26.81,0.00
173,07/26/2024 23:32:07,25.95,0.00
174,07/26/2024 23:52:07,25.82,0.00
175,07/27/2024 00:12:07,25.82,0.00
176,07/27/2024 00:32:07,25.82,0.00
177,07/27/2024 00:52:07,25.78,0.00
178,07/27/2024 01:12:07,25.78,0.00
179,07/27/2024 01:32:07,25.82,0.00
180,07/27/2024 01:52:07,25.78,0.00
181,07/27/2024 02:12:07,25.82,0.00
182,07/27/2024 02:32:07,25.87,0.00
183,07/27/2024 02:52:07,25.82,0.00
184,07/27/2024 03:12:07,25.78,0.00
185,07/27/2024 03:32:07,25.78,0.00
186,07/27/2024 03:52:07,25.82,0.00
187,07/27/2024 04:12:07,25.78,0.00
188,07/27/2024 04:32:07,25.82,0.00
189,07/27/2024 04:52:07,25.78,0.00
190,07/27/2024 05:12:07,25.78,0.00
191,07/27/2024 05:32:07,25.82,0.00
192,07/27/2024 05:52:07,25.78,0.00
193,07/27/2024 06:12:07,25.82,0.00
194,07/27/2024 06:32:07,25.82,0.00
195,07/27/2024 06:52:07,25.78,0.00
196,07/27/2024 07:12:07,26.55,4999.68
197,07/27/2024 07:32:07,27.37,5009.92
198,07/27/2024 07:52:07,27.50,5003.52
199,07/27/2024 08:12:07,27.54,4989.44
200,07/27/2024 08:32:07,27.58,4980.48
201,07/27/2024 08:52:07,27.58,4976.64
202,07/27/2024 09:12:07,25.31,4816.64
203,07/27/2024 09:32:07,21.45,4623.36
204,07/27/2024 09:52:07,21.06,4590.08
205,07/27/2024 10:12:07,21.06,4587.52
206,07/27/2024 10:32:07,21.06,4574.72
207,07/27/2024 10:52:07,21.02,4581.12
208,07/27/2024 11:12:07,20.93,4574.72
209,07/27/2024 11:32:07,20.89,4558.08
210,07/27/2024 11:52:07,20.89,4564.48
211,07/27/2024 12:12:07,20.93,4567.04
212,07/27/2024 12:32:07,20.93,4574.72
213,07/27/2024 12:52:07,20.93,4567.04
214,07/27/2024 13:12:07,20.93,4570.88
215,07/27/2024 13:32:07,20.93,4567.04
216,07/27/2024 13:52:07,20.93,4574.72
217,07/27/2024 14:12:07,20.89,4577.28
218,07/27/2024 14:32:07,20.89,4570.88
219,07/27/2024 14:52:07,20.89,4581.12
220,07/27/2024 15:12:07,20.93,4583.68
221,07/27/2024 15:32:07,20.98,4581.12
222,07/27/2024 15:52:07,20.93,4574.72
223,07/27/2024 16:12:07,20.98,4581.12
224,07/27/2024 16:32:07,20.93,4574.72
225,07/27/2024 16:52:07,20.89,4574.72
226,07/27/2024 17:12:07,20.93,4577.28
227,07/27/2024 17:32:07,20.93,4583.68
228,07/27/2024 17:52:07,20.98,4577.28
229,07/27/2024 18:12:07,20.93,4574.72
230,07/27/2024 18:32:07,20.93,4587.52
231,07/27/2024 18:52:07,20.93,4577.28
232,07/27/2024 19:12:07,20.93,4574.72
233,07/27/2024 19:32:07,20.93,4577.28
234,07/27/2024 19:52:07,20.93,4570.88
235,07/27/2024 20:12:07,20.93,4577.28
236,07/27/2024 20:32:07,20.93,4581.12
237,07/27/2024 20:52:07,20.98,4564.48
238,07/27/2024 21:12:07,22.48,4789.76
239,07/27/2024 21:32:07,26.42,4951.04
240,07/27/2024 21:52:07,27.20,4967.68
241,07/27/2024 22:12:07,27.37,4967.68
242,07/27/2024 22:32:07,27.45,4967.68
243,07/27/2024 22:52:07,27.54,4967.68
244,07/27/2024 23:12:07,26.81,0.00
245,07/27/2024 23:32:07,25.99,0.00
246,07/27/2024 23:52:07,25.91,0.00
247,07/28/2024 00:12:07,25.82,0.00
248,07/28/2024 00:32:07,25.82,0.00
249,07/28/2024 00:52:07,25.82,0.00
250,07/28/2024 01:12:07,25.82,0.00
251,07/28/2024 01:32:07,25.82,0.00
252,07/28/2024 01:52:07,25.82,0.00
253,07/28/2024 02:12:07,25.78,0.00
254,07/28/2024 02:32:07,25.82,0.00
255,07/28/2024 02:52:07,25.87,0.00
256,07/28/2024 03:12:07,25.82,0.00
257,07/28/2024 03:32:07,25.82,0.00
258,07/28/2024 03:52:07,25.78,0.00
259,07/28/2024 04:12:07,25.82,0.00
260,07/28/2024 04:32:07,25.87,0.00
261,07/28/2024 04:52:07,25.82,0.00
262,07/28/2024 05:12:07,25.82,0.00
263,07/28/2024 05:32:07,25.78,0.00
264,07/28/2024 05:52:07,25.82,0.00
265,07/28/2024 06:12:07,25.78,0.00
266,07/28/2024 06:32:07,25.82,0.00
267,07/28/2024 06:52:07,25.82,0.00
268,07/28/2024 07:12:07,26.55,4989.44
269,07/28/2024 07:32:07,27.37,4999.68
270,07/28/2024 07:52:07,27.50,4989.44
271,07/28/2024 08:12:07,27.58,4976.64
272,07/28/2024 08:32:07,27.58,4974.08
273,07/28/2024 08:52:07,27.58,4967.68
274,07/28/2024 09:12:07,25.31,4800.00
275,07/28/2024 09:32:07,21.45,4613.12
276,07/28/2024 09:52:07,21.06,4587.52
277,07/28/2024 10:12:07,21.06,4574.72
278,07/28/2024 10:32:07,21.06,4570.88
279,07/28/2024 10:52:07,20.98,4564.48
280,07/28/2024 11:12:07,20.93,4564.48
281,07/28/2024 11:32:07,20.93,4564.48
282,07/28/2024 11:52:07,20.93,4558.08
283,07/28/2024 12:12:07,20.98,4554.24
284,07/28/2024 12:32:07,20.89,4558.08
285,07/28/2024 12:52:07,20.89,4564.48
286,07/28/2024 13:12:07,20.89,4545.28
287,07/28/2024 13:32:07,20.89,4551.68
288,07/28/2024 13:52:07,20.93,4554.24
289,07/28/2024 14:12:07,20.93,4547.84
290,07/28/2024 14:32:07,20.89,4547.84
291,07/28/2024 14:52:07,20.89,4551.68
292,07/28/2024 15:12:07,20.93,4554.24
293,07/28/2024 15:32:07,20.85,4558.08
294,07/28/2024 15:52:07,20.93,4554.24
295,07/28/2024 16:12:07,20.93,4554.24
296,07/28/2024 16:32:07,20.93,4558.08
297,07/28/2024 16:52:07,20.89,4554.24
298,07/28/2024 17:12:07,20.93,4560.64
299,07/28/2024 17:32:07,20.93,4554.24
300,07/28/2024 17:52:07,20.93,4554.24
301,07/28/2024 18:12:07,20.93,4558.08
302,07/28/2024 18:32:07,20.93,4551.68
303,07/28/2024 18:52:07,20.89,4564.48
304,07/28/2024 19:12:07,20.93,4564.48
305,07/28/2024 19:32:07,20.93,4564.48
306,07/28/2024 19:52:07,20.93,4558.08
307,07/28/2024 20:12:07,20.93,4558.08
308,07/28/2024 20:32:07,20.93,4554.24
309,07/28/2024 20:52:07,20.93,4551.68
310,07/28/2024 21:12:07,22.52,4764.16
311,07/28/2024 21:32:07,26.34,4940.80
312,07/28/2024 21:52:07,27.20,4957.44
313,07/28/2024 22:12:07,27.41,4957.44
314,07/28/2024 22:32:07,27.41,4960.00
315,07/28/2024 22:52:07,27.54,4957.44
316,07/28/2024 23:12:07,26.85,0.00
317,07/28/2024 23:32:07,25.99,0.00
318,07/28/2024 23:52:07,25.82,0.00
319,07/29/2024 00:12:07,25.82,0.00
320,07/29/2024 00:32:07,25.82,0.00
321,07/29/2024 00:52:07,25.78,0.00
322,07/29/2024 01:12:07,25.78,0.00
323,07/29/2024 01:32:07,25.78,0.00
324,07/29/2024 01:52:07,25.82,0.00
325,07/29/2024 02:12:07,25.82,0.00
326,07/29/2024 02:32:07,25.78,0.00
327,07/29/2024 02:52:07,25.78,0.00
328,07/29/2024 03:12:07,25.82,0.00
329,07/29/2024 03:32:07,25.82,0.00
330,07/29/2024 03:52:07,25.78,0.00
331,07/29/2024 04:12:07,25.78,0.00
332,07/29/2024 04:32:07,25.82,0.00
333,07/29/2024 04:52:07,25.82,0.00
334,07/29/2024 05:12:07,25.82,0.00
335,07/29/2024 05:32:07,25.82,0.00
336,07/29/2024 05:52:07,25.82,0.00
337,07/29/2024 06:12:07,25.82,0.00
338,07/29/2024 06:32:07,25.82,0.00
339,07/29/2024 06:52:07,25.78,0.00
340,07/29/2024 07:12:07,26.47,4986.88
341,07/29/2024 07:32:07,27.37,4986.88
342,07/29/2024 07:52:07,27.54,4980.48
343,07/29/2024 08:12:07,27.54,4967.68
344,07/29/2024 08:32:07,27.58,4967.68
345,07/29/2024 08:52:07,27.58,4960.00
346,07/29/2024 09:12:07,25.27,4800.00
347,07/29/2024 09:32:07,21.49,4604.16
348,07/29/2024 09:52:07,21.06,4587.52
349,07/29/2024 10:12:07,21.02,4577.28
350,07/29/2024 10:32:07,20.98,4564.48
351,07/29/2024 10:52:07,21.10,4835.84
352,07/29/2024 11:12:07,21.15,4819.20
353,07/29/2024 11:32:07,21.02,4812.80
354,07/29/2024 11:52:07,21.02,4819.20
355,07/29/2024 12:12:07,21.02,4823.04
356,07/29/2024 12:32:07,20.98,4823.04
357,07/29/2024 12:52:07,21.02,4829.44
358,07/29/2024 13:12:07,21.02,4829.44
359,07/29/2024 13:32:07,20.98,4829.44
360,07/29/2024 13:52:07,21.02,4829.44
361,07/29/2024 14:12:07,20.98,4823.04
362,07/29/2024 14:32:07,20.98,4826.88
363,07/29/2024 14:52:07,20.98,4829.44
364,07/29/2024 15:12:07,20.93,4835.84
365,07/29/2024 15:32:07,20.93,4826.88
366,07/29/2024 15:52:07,20.93,4823.04
367,07/29/2024 16:12:07,20.98,4829.44
368,07/29/2024 16:32:07,21.02,4835.84
369,07/29/2024 16:52:07,20.98,4833.28
370,07/29/2024 17:12:07,20.98,4833.28
371,07/29/2024 17:32:07,20.98,4835.84
372,07/29/2024 17:52:07,20.98,4826.88
373,07/29/2024 18:12:07,20.93,4835.84
374,07/29/2024 18:32:07,20.93,4826.88
375,07/29/2024 18:52:07,20.98,4826.88
376,07/29/2024 19:12:07,20.98,4819.20
377,07/29/2024 19:32:07,20.98,4829.44
378,07/29/2024 19:52:07,20.98,4839.68
379,07/29/2024 20:12:07,20.98,4835.84
380,07/29/2024 20:32:07,20.98,4839.68
381,07/29/2024 20:52:07,20.98,4835.84
382,07/29/2024 21:12:07,22.61,5075.20
383,07/29/2024 21:32:07,26.47,5216.00
384,07/29/2024 21:52:07,27.20,5232.64
385,07/29/2024 22:12:07,27.41,5239.04
386,07/29/2024 22:32:07,27.41,5235.20
387,07/29/2024 22:52:07,27.50,5240.32
388,07/29/2024 23:12:07,26.72,0.00
389,07/29/2024 23:32:07,25.95,0.00
390,07/29/2024 23:52:07,25.82,0.00
391,07/30/2024 00:12:07,25.87,0.00
392,07/30/2024 00:32:07,25.87,0.00
393,07/30/2024 00:52:07,25.78,0.00
394,07/30/2024 01:12:07,25.82,0.00
395,07/30/2024 01:32:07,25.82,0.00
396,07/30/2024 01:52:07,25.78,0.00
397,07/30/2024 02:12:07,25.82,0.00
398,07/30/2024 02:32:07,25.87,0.00
399,07/30/2024 02:52:07,25.82,0.00
400,07/30/2024 03:12:07,25.82,0.00
401,07/30/2024 03:32:07,25.82,0.00
402,07/30/2024 03:52:07,25.82,0.00
403,07/30/2024 04:12:07,25.82,0.00
404,07/30/2024 04:32:07,25.82,0.00
405,07/30/2024 04:52:07,25.82,0.00
406,07/30/2024 05:12:07,25.82,0.00
407,07/30/2024 05:32:07,25.78,0.00
408,07/30/2024 05:52:07,25.78,0.00
409,07/30/2024 06:12:07,25.82,0.00
410,07/30/2024 06:32:07,25.87,0.00
411,07/30/2024 06:52:07,25.78,0.00
412,07/30/2024 07:12:07,26.55,5260.80
413,07/30/2024 07:32:07,27.32,5271.04
414,07/30/2024 07:52:07,27.50,5268.48
415,07/30/2024 08:12:07,27.50,5255.68
416,07/30/2024 08:32:07,27.54,5248.00
417,07/30/2024 08:52:07,27.50,5245.44
418,07/30/2024 09:12:07,25.52,5075.20
419,07/30/2024 09:32:07,21.66,4846.08
420,07/30/2024 09:52:07,21.10,4833.28
421,07/30/2024 10:12:07,21.06,4829.44
422,07/30/2024 10:32:07,21.02,4842.24
423,07/30/2024 10:52:07,20.98,4839.68
424,07/30/2024 11:12:07,21.02,4833.28
425,07/30/2024 11:32:07,20.98,4826.88
426,07/30/2024 11:52:07,20.98,4823.04
427,07/30/2024 12:12:07,20.98,4826.88
428,07/30/2024 12:32:07,20.98,4819.20
429,07/30/2024 12:52:07,20.93,4826.88
430,07/30/2024 13:12:07,20.98,4819.20
431,07/30/2024 13:32:07,20.98,4816.64
432,07/30/2024 13:52:07,20.98,4819.20
433,07/30/2024 14:12:07,20.93,4816.64
434,07/30/2024 14:32:07,20.98,4812.80
435,07/30/2024 14:52:07,21.02,4823.04
436,07/30/2024 15:12:07,20.93,4812.80
437,07/30/2024 15:32:07,20.98,4823.04
438,07/30/2024 15:52:07,20.93,4833.28
439,07/30/2024 16:12:07,20.98,4826.88
440,07/30/2024 16:32:07,20.93,4826.88
441,07/30/2024 16:52:07,20.98,4829.44
442,07/30/2024 17:12:07,20.98,4823.04
443,07/30/2024 17:32:07,20.89,4829.44
444,07/30/2024 17:52:07,20.98,4833.28
445,07/30/2024 18:12:07,20.93,4826.88
446,07/30/2024 18:32:07,20.98,4819.20
447,07/30/2024 18:52:07,20.98,4823.04
448,07/30/2024 19:12:07,20.93,4810.24
449,07/30/2024 19:32:07,20.93,4816.64
450,07/30/2024 19:52:07,20.93,4810.24
451,07/30/2024 20:12:07,20.93,4810.24
452,07/30/2024 20:32:07,20.89,4797.44
453,07/30/2024 20:52:07,20.98,4806.40
454,07/30/2024 21:12:07,22.65,5056.00
455,07/30/2024 21:32:07,26.51,5203.20
456,07/30/2024 21:52:07,27.20,5219.84
457,07/30/2024 22:12:07,27.41,5222.40
458,07/30/2024 22:32:07,27.41,5222.40
459,07/30/2024 22:52:07,27.45,5226.24
460,07/30/2024 23:12:07,26.68,0.00
461,07/30/2024 23:32:07,25.95,0.00
462,07/30/2024 23:52:07,25.82,0.00
463,07/31/2024 00:12:07,25.82,0.00
464,07/31/2024 00:32:07,25.82,0.00
465,07/31/2024 00:52:07,25.87,0.00
466,07/31/2024 01:12:07,25.87,0.00
467,07/31/2024 01:32:07,25.82,0.00
468,07/31/2024 01:52:07,25.87,0.00
469,07/31/2024 02:12:07,25.82,0.00
470,07/31/2024 02:32:07,25.87,0.00
471,07/31/2024 02:52:07,25.82,0.00
472,07/31/2024 03:12:07,25.82,0.00
473,07/31/2024 03:32:07,25.87,0.00
474,07/31/2024 03:52:07,25.82,0.00
475,07/31/2024 04:12:07,25.78,0.00
476,07/31/2024 04:32:07,25.82,0.00
477,07/31/2024 04:52:07,25.78,0.00
478,07/31/2024 05:12:07,25.82,0.00
479,07/31/2024 05:32:07,25.82,0.00
480,07/31/2024 05:52:07,25.87,0.00
481,07/31/2024 06:12:07,25.82,0.00
482,07/31/2024 06:32:07,25.87,0.00
483,07/31/2024 06:52:07,25.87,0.00
484,07/31/2024 07:12:07,26.60,5258.24
485,07/31/2024 07:32:07,27.37,5268.48
486,07/31/2024 07:52:07,27.45,5263.36
487,07/31/2024 08:12:07,27.50,5245.44
488,07/31/2024 08:32:07,27.50,5239.04
489,07/31/2024 08:52:07,27.54,5235.20
490,07/31/2024 09:12:07,25.48,5064.96
491,07/31/2024 09:32:07,21.66,4846.08
492,07/31/2024 09:52:07,21.10,4826.88
493,07/31/2024 10:12:07,21.15,5041.92
494,07/31/2024 10:32:07,20.93,5003.52
495,07/31/2024 10:52:07,20.80,4957.44
496,07/31/2024 11:12:07,20.72,4953.60
497,07/31/2024 11:32:07,20.76,4957.44
498,07/31/2024 11:52:07,20.72,4951.04
499,07/31/2024 12:12:07,20.68,4947.20
500,07/31/2024 12:32:07,20.68,4951.04
501,07/31/2024 12:52:07,20.68,4947.20
502,07/31/2024 13:12:07,20.72,4940.80
503,07/31/2024 13:32:07,20.68,4924.16
504,07/31/2024 13:52:07,20.68,4921.60
505,07/31/2024 14:12:07,20.76,4904.96
506,07/31/2024 14:32:07,20.72,4911.36
507,07/31/2024 14:52:07,20.72,4901.12
508,07/31/2024 15:12:07,20.72,4898.56
509,07/31/2024 15:32:07,20.72,4881.92
510,07/31/2024 15:52:07,20.68,4875.52
511,07/31/2024 16:12:07,20.72,4894.72
512,07/31/2024 16:32:07,20.72,4881.92
513,07/31/2024 16:52:07,20.72,4885.76
514,07/31/2024 17:12:07,20.72,4869.12
515,07/31/2024 17:32:07,20.76,4894.72
516,07/31/2024 17:52:07,20.72,4888.32
517,07/31/2024 18:12:07,20.68,4865.28
518,07/31/2024 18:32:07,20.72,4865.28
519,07/31/2024 18:52:07,20.68,4881.92
520,07/31/2024 19:12:07,20.80,4881.92
521,07/31/2024 19:32:07,20.76,4892.16
522,07/31/2024 19:52:07,20.72,4862.72
523,07/31/2024 20:12:07,20.72,4875.52
524,07/31/2024 20:32:07,20.68,4894.72
525,07/31/2024 20:52:07,20.72,4878.08
526,07/31/2024 21:12:07,22.48,5130.24
527,07/31/2024 21:32:07,26.55,5286.40
528,07/31/2024 21:52:07,27.20,5314.56
529,07/31/2024 22:12:07,27.32,5317.12
530,07/31/2024 22:32:07,27.37,5317.12
531,07/31/2024 22:52:07,27.37,5317.12
532,07/31/2024 23:12:07,26.68,0.00
533,07/31/2024 23:32:07,25.99,0.00
534,07/31/2024 23:52:07,25.91,0.00
535,08/01/2024 00:12:07,25.91,0.00
536,08/01/2024 00:32:07,25.91,0.00
537,08/01/2024 00:52:07,25.91,0.00
538,08/01/2024 01:12:07,25.91,0.00
539,08/01/2024 01:32:07,25.91,0.00
540,08/01/2024 01:52:07,25.95,0.00
541,08/01/2024 02:12:07,25.87,0.00
542,08/01/2024 02:32:07,25.87,0.00
543,08/01/2024 02:52:07,25.91,0.00
544,08/01/2024 03:12:07,25.87,0.00
545,08/01/2024 03:32:07,25.91,0.00
546,08/01/2024 03:52:07,25.91,0.00
547,08/01/2024 04:12:07,25.91,0.00
548,08/01/2024 04:32:07,25.91,0.00
549,08/01/2024 04:52:07,25.91,0.00
550,08/01/2024 05:12:07,25.91,0.00
551,08/01/2024 05:32:07,25.87,0.00
552,08/01/2024 05:52:07,25.91,0.00
553,08/01/2024 06:12:07,25.91,0.00
554,08/01/2024 06:32:07,25.95,0.00
555,08/01/2024 06:52:07,25.91,0.00
556,08/01/2024 07:12:07,26.68,5350.40
557,08/01/2024 07:32:07,27.37,5360.64
558,08/01/2024 07:52:07,27.45,5365.76
559,08/01/2024 08:12:07,27.45,5360.64
560,08/01/2024 08:32:07,27.50,5352.96
561,08/01/2024 08:52:07,27.50,5342.72
562,08/01/2024 09:12:07,25.14,5192.96
563,08/01/2024 09:32:07,21.36,4989.44
564,08/01/2024 09:52:07,20.93,4951.04
565,08/01/2024 10:12:07,20.89,4940.80
566,08/01/2024 10:32:07,20.85,4928.00
567,08/01/2024 10:52:07,20.80,4928.00
568,08/01/2024 11:12:07,20.76,4924.16
569,08/01/2024 11:32:07,20.72,4924.16
570,08/01/2024 11:52:07,20.76,4917.76
571,08/01/2024 12:12:07,20.76,4904.96
572,08/01/2024 12:32:07,20.76,4904.96
573,08/01/2024 12:52:07,20.76,4885.76
574,08/01/2024 13:12:07,20.72,4878.08
575,08/01/2024 13:32:07,20.76,4881.92
576,08/01/2024 13:52:07,20.76,4894.72
577,08/01/2024 14:12:07,20.72,4892.16
578,08/01/2024 14:32:07,20.76,4898.56
579,08/01/2024 14:52:07,20.68,4885.76
580,08/01/2024 15:12:07,20.76,4901.12
581,08/01/2024 15:32:07,20.80,5003.52
582,08/01/2024 15:52:07,20.89,5006.08
583,08/01/2024 16:12:07,20.85,5003.52
584,08/01/2024 16:32:07,20.80,4997.12
585,08/01/2024 16:52:07,20.85,5012.48
586,08/01/2024 17:12:07,20.85,5012.48
587,08/01/2024 17:32:07,20.85,5003.52
588,08/01/2024 17:52:07,20.85,5012.48
589,08/01/2024 18:12:07,20.89,5006.08
590,08/01/2024 18:32:07,20.89,5012.48
591,08/01/2024 18:52:07,20.93,5012.48
592,08/01/2024 19:12:07,20.89,5006.08
593,08/01/2024 19:32:07,20.85,5009.92
594,08/01/2024 19:52:07,20.89,5016.32
595,08/01/2024 20:12:07,20.89,5012.48
596,08/01/2024 20:32:07,20.85,5009.92
597,08/01/2024 20:52:07,20.85,5012.48
598,08/01/2024 21:12:07,22.43,5245.44
599,08/01/2024 21:32:07,26.55,5422.08
600,08/01/2024 21:52:07,27.24,5445.12
601,08/01/2024 22:12:07,27.41,5447.68
602,08/01/2024 22:32:07,27.45,5450.24
603,08/01/2024 22:52:07,27.45,5450.24
604,08/01/2024 23:12:07,26.72,0.00
605,08/01/2024 23:32:07,25.95,0.00
606,08/01/2024 23:52:07,25.95,0.00
607,08/02/2024 00:12:07,25.91,0.00
608,08/02/2024 00:32:07,25.95,0.00
609,08/02/2024 00:52:07,25.95,0.00
610,08/02/2024 01:12:07,25.87,0.00
611,08/02/2024 01:32:07,25.91,0.00
612,08/02/2024 01:52:07,25.87,0.00
613,08/02/2024 02:12:07,25.91,0.00
614,08/02/2024 02:32:07,25.95,0.00
615,08/02/2024 02:52:07,25.91,0.00
616,08/02/2024 03:12:07,25.91,0.00
617,08/02/2024 03:32:07,25.87,0.00
618,08/02/2024 03:52:07,25.91,0.00
619,08/02/2024 04:12:07,25.91,0.00
620,08/02/2024 04:32:07,25.87,0.00
621,08/02/2024 04:52:07,25.91,0.00
622,08/02/2024 05:12:07,25.91,0.00
623,08/02/2024 05:32:07,25.91,0.00
624,08/02/2024 05:52:07,25.91,0.00
625,08/02/2024 06:12:07,25.91,0.00
626,08/02/2024 06:32:07,25.95,0.00
627,08/02/2024 06:52:07,25.91,0.00
628,08/02/2024 07:12:07,26.72,5483.52
629,08/02/2024 07:32:07,27.41,5491.20
630,08/02/2024 07:52:07,27.50,5486.08
631,08/02/2024 08:12:07,27.50,5483.52
632,08/02/2024 08:32:07,27.54,5473.28
633,08/02/2024 08:52:07,27.50,5473.28
634,08/02/2024 09:12:07,25.18,5332.48
635,08/02/2024 09:32:07,21.53,5137.92
636,08/02/2024 09:52:07,21.06,5085.44
637,08/02/2024 10:12:07,20.98,5064.96
638,08/02/2024 10:32:07,20.98,5052.16
639,08/02/2024 10:52:07,20.93,5041.92
640,08/02/2024 11:12:07,20.93,5039.36
641,08/02/2024 11:32:07,20.89,5032.96
642,08/02/2024 11:52:07,20.93,5022.72
643,08/02/2024 12:12:07,20.89,5029.12
644,08/02/2024 12:32:07,20.85,5022.72
645,08/02/2024 12:52:07,20.85,5026.56
646,08/02/2024 13:12:07,20.85,5022.72
647,08/02/2024 13:32:07,20.85,5022.72
648,08/02/2024 13:52:07,20.89,5018.88
649,08/02/2024 14:12:07,20.85,5018.88
650,08/02/2024 14:32:07,20.80,5012.48
651,08/02/2024 14:52:07,20.80,5016.32
652,08/02/2024 15:12:07,20.89,5022.72
653,08/02/2024 15:32:07,20.85,5009.92
654,08/02/2024 15:52:07,20.85,5016.32
655,08/02/2024 16:12:07,20.89,5018.88
656,08/02/2024 16:32:07,20.85,5009.92
657,08/02/2024 16:52:07,20.89,5016.32
658,08/02/2024 17:12:07,20.89,5009.92
659,08/02/2024 17:32:07,20.89,5003.52
660,08/02/2024 17:52:07,20.85,5003.52
661,08/02/2024 18:12:07,20.89,5003.52
662,08/02/2024 18:32:07,20.85,4997.12
663,08/02/2024 18:52:07,20.89,5003.52
664,08/02/2024 19:12:07,20.89,5006.08
665,08/02/2024 19:32:07,20.85,4997.12
666,08/02/2024 19:52:07,20.85,4997.12
667,08/02/2024 20:12:07,20.89,4993.28
668,08/02/2024 20:32:07,20.89,4993.28
669,08/02/2024 20:52:07,20.85,4993.28
670,08/02/2024 21:12:07,22.52,5232.64
671,08/02/2024 21:32:07,26.60,5414.40
672,08/02/2024 21:52:07,27.28,5442.56
673,08/02/2024 22:12:07,27.41,5442.56
674,08/02/2024 22:32:07,27.45,5447.68
675,08/02/2024 22:52:07,27.50,5445.12
676,08/02/2024 23:12:07,26.77,0.00
677,08/02/2024 23:32:07,26.08,0.00
678,08/02/2024 23:52:07,26.04,0.00
679,08/03/2024 00:12:07,26.08,0.00
680,08/03/2024 00:32:07,26.04,0.00
681,08/03/2024 00:52:07,26.12,0.00
682,08/03/2024 01:12:07,25.99,0.00
683,08/03/2024 01:32:07,25.99,0.00
684,08/03/2024 01:52:07,25.91,0.00
685,08/03/2024 02:12:07,25.91,0.00
686,08/03/2024 02:32:07,25.95,0.00
687,08/03/2024 02:52:07,25.87,0.00
688,08/03/2024 03:12:07,25.95,0.00
689,08/03/2024 03:32:07,25.95,0.00
690,08/03/2024 03:52:07,25.95,0.00
691,08/03/2024 04:12:07,25.91,0.00
692,08/03/2024 04:32:07,25.91,0.00
693,08/03/2024 04:52:07,25.91,0.00
694,08/03/2024 05:12:07,25.95,0.00
695,08/03/2024 05:32:07,25.91,0.00
696,08/03/2024 05:52:07,25.91,0.00
697,08/03/2024 06:12:07,25.95,0.00
698,08/03/2024 06:32:07,25.91,0.00
699,08/03/2024 06:52:07,25.91,0.00
700,08/03/2024 07:12:07,26.68,5473.28
701,08/03/2024 07:32:07,27.41,5486.08
702,08/03/2024 07:52:07,27.50,5480.96
703,08/03/2024 08:12:07,27.54,5478.40
704,08/03/2024 08:32:07,27.58,5473.28
705,08/03/2024 08:52:07,27.58,5470.72
706,08/03/2024 09:12:07,25.27,5332.48
707,08/03/2024 09:32:07,21.53,5134.08
708,08/03/2024 09:52:07,21.10,5068.80
709,08/03/2024 10:12:07,21.02,5056.00
710,08/03/2024 10:32:07,20.93,5029.12
711,08/03/2024 10:52:07,20.93,5026.56
712,08/03/2024 11:12:07,20.89,5018.88
713,08/03/2024 11:32:07,20.89,5012.48
714,08/03/2024 11:52:07,20.89,5009.92
715,08/03/2024 12:12:07,20.89,5006.08
716,08/03/2024 12:32:07,20.89,5003.52
717,08/03/2024 12:52:07,20.89,4999.68
718,08/03/2024 13:12:07,20.89,5003.52
719,08/03/2024 13:32:07,20.85,5003.52
720,08/03/2024 13:52:07,20.85,4997.12
721,08/03/2024 14:12:07,20.93,5012.48
722,08/03/2024 14:32:07,20.89,5009.92
723,08/03/2024 14:52:07,20.89,4999.68
724,08/03/2024 15:12:07,20.85,5006.08
725,08/03/2024 15:32:07,20.89,4999.68
726,08/03/2024 15:52:07,20.89,4993.28
727,08/03/2024 16:12:07,20.89,4989.44
728,08/03/2024 16:32:07,20.85,4976.64
729,08/03/2024 16:52:07,20.89,4993.28
730,08/03/2024 17:12:07,20.89,4993.28
731,08/03/2024 17:32:07,20.85,4993.28
732,08/03/2024 17:52:07,20.80,4993.28
733,08/03/2024 18:12:07,20.89,4993.28
734,08/03/2024 18:32:07,20.85,4997.12
735,08/03/2024 18:52:07,20.85,4997.12
736,08/03/2024 19:12:07,20.85,4993.28
737,08/03/2024 19:32:07,20.85,4983.04
738,08/03/2024 19:52:07,20.85,4989.44
739,08/03/2024 20:12:07,20.89,4993.28
740,08/03/2024 20:32:07,20.85,4999.68
741,08/03/2024 20:52:07,20.85,5006.08
742,08/03/2024 21:12:07,22.43,5235.20
743,08/03/2024 21:32:07,26.55,5411.84
744,08/03/2024 21:52:07,27.24,5434.88
745,08/03/2024 22:12:07,27.41,5437.44
746,08/03/2024 22:32:07,27.45,5442.56
747,08/03/2024 22:52:07,27.45,5442.56
748,08/03/2024 23:12:07,26.68,0.00
749,08/03/2024 23:32:07,25.99,0.00
750,08/03/2024 23:52:07,25.91,0.00
751,08/04/2024 00:12:07,25.91,0.00
752,08/04/2024 00:32:07,25.87,0.00
753,08/04/2024 00:52:07,25.87,0.00
754,08/04/2024 01:12:07,25.87,0.00
755,08/04/2024 01:32:07,25.91,0.00
756,08/04/2024 01:52:07,25.91,0.00
757,08/04/2024 02:12:07,25.91,0.00
758,08/04/2024 02:32:07,25.95,0.00
759,08/04/2024 02:52:07,25.91,0.00
760,08/04/2024 03:12:07,25.95,0.00
761,08/04/2024 03:32:07,25.91,0.00
762,08/04/2024 03:52:07,25.91,0.00
763,08/04/2024 04:12:07,25.91,0.00
764,08/04/2024 04:32:07,25.91,0.00
765,08/04/2024 04:52:07,25.95,0.00
766,08/04/2024 05:12:07,25.91,0.00
767,08/04/2024 05:32:07,25.95,0.00
768,08/04/2024 05:52:07,25.91,0.00
769,08/04/2024 06:12:07,25.91,0.00
770,08/04/2024 06:32:07,25.91,0.00
771,08/04/2024 06:52:07,25.87,0.00
772,08/04/2024 07:12:07,26.64,5478.40
773,08/04/2024 07:32:07,27.45,5480.96
774,08/04/2024 07:52:07,27.50,5478.40
775,08/04/2024 08:12:07,27.50,5468.16
776,08/04/2024 08:32:07,27.50,5463.04
777,08/04/2024 08:52:07,27.50,5463.04
778,08/04/2024 09:12:07,25.22,5322.24
779,08/04/2024 09:32:07,21.53,5127.68
780,08/04/2024 09:52:07,21.06,5064.96
781,08/04/2024 10:12:07,20.98,5052.16
782,08/04/2024 10:32:07,20.98,5029.12
783,08/04/2024 10:52:07,20.93,5022.72
784,08/04/2024 11:12:07,20.93,5018.88
785,08/04/2024 11:32:07,20.93,5016.32
786,08/04/2024 11:52:07,20.89,5006.08
787,08/04/2024 12:12:07,20.89,5003.52
788,08/04/2024 12:32:07,20.85,4999.68
789,08/04/2024 12:52:07,20.85,4997.12
790,08/04/2024 13:12:07,20.85,4993.28
791,08/04/2024 13:32:07,20.85,4989.44
792,08/04/2024 13:52:07,20.85,4986.88
793,08/04/2024 14:12:07,20.89,4983.04
794,08/04/2024 14:32:07,20.85,4986.88
795,08/04/2024 14:52:07,20.85,4986.88
796,08/04/2024 15:12:07,20.85,4993.28
797,08/04/2024 15:32:07,20.80,4989.44
798,08/04/2024 15:52:07,20.89,4997.12
799,08/04/2024 16:12:07,20.85,5003.52
800,08/04/2024 16:32:07,20.85,4993.28
801,08/04/2024 16:52:07,20.89,4986.88
802,08/04/2024 17:12:07,20.85,4989.44
803,08/04/2024 17:32:07,20.85,4997.12
804,08/04/2024 17:52:07,20.89,4999.68
805,08/04/2024 18:12:07,20.85,4997.12
806,08/04/2024 18:32:07,20.85,4997.12
807,08/04/2024 18:52:07,20.89,4989.44
808,08/04/2024 19:12:07,20.89,4989.44
809,08/04/2024 19:32:07,20.89,4993.28
810,08/04/2024 19:52:07,20.85,4989.44
811,08/04/2024 20:12:07,20.93,4989.44
812,08/04/2024 20:32:07,20.89,4989.44
813,08/04/2024 20:52:07,20.89,4983.04
814,08/04/2024 21:12:07,22.56,5222.40
815,08/04/2024 21:32:07,26.60,5404.16
816,08/04/2024 21:52:07,27.28,5424.64
817,08/04/2024 22:12:07,27.41,5434.88
818,08/04/2024 22:32:07,27.45,5432.32
819,08/04/2024 22:52:07,27.50,5427.20
820,08/04/2024 23:12:07,26.72,0.00
821,08/04/2024 23:32:07,25.99,0.00
822,08/04/2024 23:52:07,25.95,0.00
823,08/05/2024 00:12:07,25.91,0.00
824,08/05/2024 00:32:07,25.91,0.00
825,08/05/2024 00:52:07,25.91,0.00
826,08/05/2024 01:12:07,25.91,0.00
827,08/05/2024 01:32:07,25.91,0.00
828,08/05/2024 01:52:07,25.91,0.00
829,08/05/2024 02:12:07,25.87,0.00
830,08/05/2024 02:32:07,25.87,0.00
831,08/05/2024 02:52:07,25.91,0.00
832,08/05/2024 03:12:07,25.91,0.00
833,08/05/2024 03:32:07,25.91,0.00
834,08/05/2024 03:52:07,25.91,0.00
835,08/05/2024 04:12:07,25.91,0.00
836,08/05/2024 04:32:07,25.91,0.00
837,08/05/2024 04:52:07,25.91,0.00
838,08/05/2024 05:12:07,25.91,0.00
839,08/05/2024 05:32:07,25.95,0.00
840,08/05/2024 05:52:07,25.91,0.00
841,08/05/2024 06:12:07,25.95,0.00
842,08/05/2024 06:32:07,25.91,0.00
843,08/05/2024 06:52:07,25.91,0.00
844,08/05/2024 07:12:07,26.64,5463.04
845,08/05/2024 07:32:07,27.41,5473.28
846,08/05/2024 07:52:07,27.50,5468.16
847,08/05/2024 08:12:07,27.50,5460.48
848,08/05/2024 08:32:07,27.50,5457.92
849,08/05/2024 08:52:07,27.50,5455.36
850,08/05/2024 09:12:07,25.22,5319.68
851,08/05/2024 09:32:07,21.58,5123.84
852,08/05/2024 09:52:07,21.15,5058.56
853,08/05/2024 10:12:07,21.06,5041.92
854,08/05/2024 10:32:07,20.93,5029.12
855,08/05/2024 10:52:07,20.98,5016.32
856,08/05/2024 11:12:07,20.98,5016.32
857,08/05/2024 11:32:07,20.93,5012.48
858,08/05/2024 11:52:07,20.93,5006.08
859,08/05/2024 12:12:07,20.89,5003.52
860,08/05/2024 12:32:07,20.93,4993.28
861,08/05/2024 12:52:07,20.89,4989.44
862,08/05/2024 13:12:07,20.93,4997.12
863,08/05/2024 13:32:07,20.93,4993.28
864,08/05/2024 13:52:07,20.85,4983.04
865,08/05/2024 14:12:07,20.89,4976.64
866,08/05/2024 14:32:07,20.93,4976.64
867,08/05/2024 14:52:07,20.85,4980.48
868,08/05/2024 15:12:07,21.06,5203.20
869,08/05/2024 15:32:07,20.98,4862.72
870,08/05/2024 15:52:07,20.98,4892.16
871,08/05/2024 16:12:07,20.93,4892.16
872,08/05/2024 16:32:07,20.98,4878.08
873,08/05/2024 16:52:07,20.89,4894.72
874,08/05/2024 17:12:07,20.93,4904.96
875,08/05/2024 17:32:07,20.98,4901.12
876,08/05/2024 17:52:07,20.93,4904.96
877,08/05/2024 18:12:07,20.98,4888.32
878,08/05/2024 18:32:07,20.98,4908.80
879,08/05/2024 18:52:07,20.98,4888.32
880,08/05/2024 19:12:07,20.98,4881.92
881,08/05/2024 19:32:07,20.98,4901.12
882,08/05/2024 19:52:07,20.98,4894.72
883,08/05/2024 20:12:07,20.98,4888.32
884,08/05/2024 20:32:07,20.98,4908.80
885,08/05/2024 20:52:07,20.98,4904.96
886,08/05/2024 21:12:07,22.43,5137.92
887,08/05/2024 21:32:07,26.34,5278.72
888,08/05/2024 21:52:07,27.02,5291.52
889,08/05/2024 22:12:07,27.24,5296.64
890,08/05/2024 22:32:07,27.37,5294.08
891,08/05/2024 22:52:07,27.45,5294.08
892,08/05/2024 23:12:07,26.77,0.00
893,08/05/2024 23:32:07,26.04,0.00
894,08/05/2024 23:52:07,25.99,0.00
895,08/06/2024 00:12:07,25.99,0.00
896,08/06/2024 00:32:07,25.95,0.00
897,08/06/2024 00:52:07,25.95,0.00
898,08/06/2024 01:12:07,25.99,0.00
899,08/06/2024 01:32:07,25.95,0.00
900,08/06/2024 01:52:07,25.95,0.00
901,08/06/2024 02:12:07,25.99,0.00
902,08/06/2024 02:32:07,25.95,0.00
903,08/06/2024 02:52:07,25.99,0.00
904,08/06/2024 03:12:07,25.95,0.00
905,08/06/2024 03:32:07,25.99,0.00
906,08/06/2024 03:52:07,25.95,0.00
907,08/06/2024 04:12:07,25.99,0.00
908,08/06/2024 04:32:07,25.99,0.00
909,08/06/2024 04:52:07,25.95,0.00
910,08/06/2024 05:12:07,25.99,0.00
911,08/06/2024 05:32:07,25.95,0.00
912,08/06/2024 05:52:07,25.95,0.00
913,08/06/2024 06:12:07,25.99,0.00
914,08/06/2024 06:32:07,25.95,0.00
915,08/06/2024 06:52:07,25.95,0.00
916,08/06/2024 07:12:07,26.68,5317.12
917,08/06/2024 07:32:07,27.45,5327.36
918,08/06/2024 07:52:07,27.54,5322.24
919,08/06/2024 08:12:07,27.50,5322.24
920,08/06/2024 08:32:07,27.58,5317.12
921,08/06/2024 08:52:07,27.54,5314.56
922,08/06/2024 09:12:07,25.05,5180.16
923,08/06/2024 09:32:07,21.49,4940.80
924,08/06/2024 09:52:07,21.23,4908.80
925,08/06/2024 10:12:07,21.15,4924.16
926,08/06/2024 10:32:07,21.10,4921.60
927,08/06/2024 10:52:07,21.06,4911.36
928,08/06/2024 11:12:07,21.06,4917.76
929,08/06/2024 11:32:07,21.06,4911.36
930,08/06/2024 11:52:07,21.02,4894.72
931,08/06/2024 12:12:07,21.02,4898.56
932,08/06/2024 12:32:07,21.02,4885.76
933,08/06/2024 12:52:07,20.98,4885.76
934,08/06/2024 13:12:07,21.02,4881.92
935,08/06/2024 13:32:07,20.98,4881.92
936,08/06/2024 13:52:07,21.02,4878.08
937,08/06/2024 14:12:07,20.98,4881.92
938,08/06/2024 14:32:07,20.98,4904.96
939,08/06/2024 14:52:07,20.98,4898.56
940,08/06/2024 15:12:07,21.02,4898.56
941,08/06/2024 15:32:07,20.98,4898.56
942,08/06/2024 15:52:07,20.93,4892.16
943,08/06/2024 16:12:07,20.98,4878.08
944,08/06/2024 16:32:07,20.98,4881.92
945,08/06/2024 16:52:07,20.98,4875.52
946,08/06/2024 17:12:07,20.98,4878.08
947,08/06/2024 17:32:07,20.98,4881.92
948,08/06/2024 17:52:07,20.98,4888.32
949,08/06/2024 18:12:07,20.98,4894.72
950,08/06/2024 18:32:07,21.02,4892.16
951,08/06/2024 18:52:07,21.02,4908.80
952,08/06/2024 19:12:07,20.98,4901.12
953,08/06/2024 19:32:07,21.02,4898.56
954,08/06/2024 19:52:07,20.98,4892.16
955,08/06/2024 20:12:07,21.02,4878.08
956,08/06/2024 20:32:07,21.02,4878.08
957,08/06/2024 20:52:07,20.98,4894.72
958,08/06/2024 21:12:07,22.48,5134.08
959,08/06/2024 21:32:07,26.30,5271.04
960,08/06/2024 21:52:07,27.07,5286.40
961,08/06/2024 22:12:07,27.20,5286.40
962,08/06/2024 22:32:07,27.32,5291.52
963,08/06/2024 22:52:07,27.45,5294.08
964,08/06/2024 23:12:07,26.72,0.00
965,08/06/2024 23:32:07,26.08,0.00
966,08/06/2024 23:52:07,25.99,0.00
967,08/07/2024 00:12:07,25.99,0.00
968,08/07/2024 00:32:07,25.99,0.00
969,08/07/2024 00:52:07,25.95,0.00
970,08/07/2024 01:12:07,25.99,0.00
971,08/07/2024 01:32:07,25.99,0.00
972,08/07/2024 01:52:07,25.99,0.00
973,08/07/2024 02:12:07,25.99,0.00
974,08/07/2024 02:32:07,25.99,0.00
975,08/07/2024 02:52:07,25.99,0.00
976,08/07/2024 03:12:07,25.95,0.00
977,08/07/2024 03:32:07,25.99,0.00
978,08/07/2024 03:52:07,25.99,0.00
979,08/07/2024 04:12:07,25.99,0.00
980,08/07/2024 04:32:07,25.95,0.00
981,08/07/2024 04:52:07,25.99,0.00
982,08/07/2024 05:12:07,25.99,0.00
983,08/07/2024 05:32:07,26.04,0.00
984,08/07/2024 05:52:07,25.99,0.00
985,08/07/2024 06:12:07,25.95,0.00
986,08/07/2024 06:32:07,25.95,0.00
987,08/07/2024 06:52:07,25.99,0.00
988,08/07/2024 07:12:07,26.77,5306.88
989,08/07/2024 07:32:07,27.41,5319.68
990,08/07/2024 07:52:07,27.54,5317.12
991,08/07/2024 08:12:07,27.58,5314.56
992,08/07/2024 08:32:07,27.58,5317.12
993,08/07/2024 08:52:07,27.58,5309.44
994,08/07/2024 09:12:07,25.09,5176.32
995,08/07/2024 09:32:07,21.49,4938.24
996,08/07/2024 09:52:07,21.19,4911.36
997,08/07/2024 10:12:07,21.19,5130.24
998,08/07/2024 10:32:07,20.98,4957.44
999,08/07/2024 10:52:07,20.76,4921.60
1000,08/07/2024 11:12:07,20.80,4938.24
1001,08/07/2024 11:32:07,20.80,4938.24
1002,08/07/2024 11:52:07,20.76,4938.24
1003,08/07/2024 12:12:07,20.76,4930.56
1004,08/07/2024 12:32:07,20.76,4940.80
1005,08/07/2024 12:52:07,20.76,4940.80
1006,08/07/2024 13:12:07,20.72,4924.16
1007,08/07/2024 13:32:07,20.72,4930.56
1008,08/07/2024 13:52:07,20.76,4934.40
1009,08/07/2024 14:12:07,20.80,4938.24
1010,08/07/2024 14:32:07,20.76,4930.56
1011,08/07/2024 14:52:07,20.76,4930.56
1012,08/07/2024 15:12:07,20.76,4928.00
1013,08/07/2024 15:32:07,20.72,4930.56
1014,08/07/2024 15:52:07,20.76,4930.56
1015,08/07/2024 16:12:07,20.76,4934.40
1016,08/07/2024 16:32:07,20.76,4938.24
1017,08/07/2024 16:52:07,20.76,4930.56
1018,08/07/2024 17:12:07,20.76,4928.00
1019,08/07/2024 17:32:07,20.72,4934.40
1020,08/07/2024 17:52:07,20.76,4917.76
1021,08/07/2024 18:12:07,20.76,4921.60
1022,08/07/2024 18:32:07,20.72,4938.24
1023,08/07/2024 18:52:07,20.76,4928.00
1024,08/07/2024 19:12:07,20.76,4930.56
1025,08/07/2024 19:32:07,20.76,4930.56
1026,08/07/2024 19:52:07,20.72,4921.60
1027,08/07/2024 20:12:07,20.76,4924.16
1028,08/07/2024 20:32:07,20.76,4934.40
1029,08/07/2024 20:52:07,20.72,4938.24
1030,08/07/2024 21:12:07,22.35,5157.12
1031,08/07/2024 21:32:07,26.47,5314.56
1032,08/07/2024 21:52:07,27.24,5337.60
1033,08/07/2024 22:12:07,27.41,5337.60
1034,08/07/2024 22:32:07,27.45,5332.48
1035,08/07/2024 22:52:07,27.50,5340.16
1036,08/07/2024 23:12:07,26.77,0.00
1037,08/07/2024 23:32:07,26.08,0.00
1038,08/07/2024 23:52:07,26.04,0.00
1039,08/08/2024 00:12:07,25.95,0.00
1040,08/08/2024 00:32:07,25.95,0.00
1041,08/08/2024 00:52:07,25.95,0.00
1042,08/08/2024 01:12:07,25.95,0.00
1043,08/08/2024 01:32:07,25.95,0.00
1044,08/08/2024 01:52:07,26.04,0.00
1045,08/08/2024 02:12:07,25.95,0.00
1046,08/08/2024 02:32:07,25.95,0.00
1047,08/08/2024 02:52:07,25.91,0.00
1048,08/08/2024 03:12:07,25.95,0.00
1049,08/08/2024 03:32:07,25.95,0.00
1050,08/08/2024 03:52:07,25.95,0.00
1051,08/08/2024 04:12:07,25.99,0.00
1052,08/08/2024 04:32:07,25.95,0.00
1053,08/08/2024 04:52:07,25.95,0.00
1054,08/08/2024 05:12:07,25.95,0.00
1055,08/08/2024 05:32:07,25.99,0.00
1056,08/08/2024 05:52:07,25.95,0.00
1057,08/08/2024 06:12:07,25.95,0.00
1058,08/08/2024 06:32:07,25.95,0.00
1059,08/08/2024 06:52:07,25.95,0.00
1060,08/08/2024 07:12:07,26.72,5378.56
1061,08/08/2024 07:32:07,27.45,5396.48
1062,08/08/2024 07:52:07,27.50,5391.36
1063,08/08/2024 08:12:07,27.54,5381.12
1064,08/08/2024 08:32:07,27.63,5365.76
1065,08/08/2024 08:52:07,27.63,5368.32
1066,08/08/2024 09:12:07,25.31,5209.60
1067,08/08/2024 09:32:07,21.49,5006.08
1068,08/08/2024 09:52:07,20.85,4960.00
1069,08/08/2024 10:12:07,20.80,4951.04
1070,08/08/2024 10:32:07,20.76,4953.60
1071,08/08/2024 10:52:07,20.76,4953.60
1072,08/08/2024 11:12:07,20.76,4951.04
1073,08/08/2024 11:32:07,20.68,4940.80
1074,08/08/2024 11:52:07,20.68,4938.24
1075,08/08/2024 12:12:07,20.72,4944.64
1076,08/08/2024 12:32:07,20.72,4951.04
1077,08/08/2024 12:52:07,20.68,4940.80
1078,08/08/2024 13:12:07,20.63,4934.40
1079,08/08/2024 13:32:07,20.68,4940.80
1080,08/08/2024 13:52:07,20.72,4947.20
1081,08/08/2024 14:12:07,20.68,4944.64
1082,08/08/2024 14:32:07,20.72,4947.20
1083,08/08/2024 14:52:07,20.63,4938.24
1084,08/08/2024 15:12:07,20.68,4940.80
1085,08/08/2024 15:32:07,20.68,4944.64
1086,08/08/2024 15:52:07,20.72,4951.04
1087,08/08/2024 16:12:07,20.72,4953.60
1088,08/08/2024 16:32:07,20.72,4951.04
1089,08/08/2024 16:52:07,20.68,4944.64
1090,08/08/2024 17:12:07,20.68,4944.64
1091,08/08/2024 17:32:07,20.68,4944.64
1092,08/08/2024 17:52:07,20.76,4957.44
1093,08/08/2024 18:12:07,20.72,4957.44
1094,08/08/2024 18:32:07,20.72,4944.64
1095,08/08/2024 18:52:07,20.72,4940.80
1096,08/08/2024 19:12:07,20.68,4940.80
1097,08/08/2024 19:32:07,20.72,4947.20
1098,08/08/2024 19:52:07,20.72,4947.20
1099,08/08/2024 20:12:07,20.76,4951.04
1100,08/08/2024 20:32:07,20.72,4953.60
1101,08/08/2024 20:52:07,20.76,4957.44
1102,08/08/2024 21:12:07,22.31,5176.32
1103,08/08/2024 21:32:07,26.51,5342.72
1104,08/08/2024 21:52:07,27.20,5355.52
1105,08/08/2024 22:12:07,27.41,5350.40
1106,08/08/2024 22:32:07,27.45,5352.96
1107,08/08/2024 22:52:07,27.54,5352.96
1108,08/08/2024 23:12:07,26.77,0.00
1109,08/08/2024 23:32:07,26.08,0.00
1110,08/08/2024 23:52:07,26.04,0.00
1111,08/09/2024 00:12:07,25.99,0.00
1112,08/09/2024 00:32:07,25.95,0.00
1113,08/09/2024 00:52:07,25.99,0.00
1114,08/09/2024 01:12:07,25.99,0.00
1115,08/09/2024 01:32:07,25.99,0.00
1116,08/09/2024 01:52:07,25.99,0.00
1117,08/09/2024 02:12:07,25.95,0.00
1118,08/09/2024 02:32:07,25.99,0.00
1119,08/09/2024 02:52:07,25.99,0.00
1120,08/09/2024 03:12:07,25.99,0.00
1121,08/09/2024 03:32:07,25.99,0.00
1122,08/09/2024 03:52:07,25.99,0.00
1123,08/09/2024 04:12:07,25.99,0.00
1124,08/09/2024 04:32:07,25.95,0.00
1125,08/09/2024 04:52:07,25.95,0.00
1126,08/09/2024 05:12:07,25.99,0.00
1127,08/09/2024 05:32:07,26.04,0.00
1128,08/09/2024 05:52:07,25.95,0.00
1129,08/09/2024 06:12:07,25.99,0.00
1130,08/09/2024 06:32:07,25.99,0.00
1131,08/09/2024 06:52:07,25.95,0.00
1132,08/09/2024 07:12:07,26.72,5378.56
1133,08/09/2024 07:32:07,27.41,5399.04
1134,08/09/2024 07:52:07,27.54,5391.36
1135,08/09/2024 08:12:07,27.54,5388.80
1136,08/09/2024 08:32:07,27.54,5376.00
1137,08/09/2024 08:52:07,27.54,5368.32
1138,08/09/2024 09:12:07,25.35,5209.60
1139,08/09/2024 09:32:07,21.53,5016.32
1140,08/09/2024 09:52:07,20.93,4967.68
1141,08/09/2024 10:12:07,20.80,4957.44
1142,08/09/2024 10:32:07,20.76,4934.40
1143,08/09/2024 10:52:07,20.76,4924.16
1144,08/09/2024 11:12:07,20.68,4908.80
1145,08/09/2024 11:32:07,20.76,4915.20
1146,08/09/2024 11:52:07,20.72,4911.36
1147,08/09/2024 12:12:07,20.76,4911.36
1148,08/09/2024 12:32:07,20.68,4888.32
1149,08/09/2024 12:52:07,20.89,5240.32
1150,08/09/2024 13:12:07,20.89,5041.92
1151,08/09/2024 13:32:07,20.63,4989.44
1152,08/09/2024 13:52:07,20.55,4963.84
1153,08/09/2024 14:12:07,20.55,4970.24
1154,08/09/2024 14:32:07,20.55,4960.00
1155,08/09/2024 14:52:07,20.59,4960.00
1156,08/09/2024 15:12:07,20.59,4957.44
1157,08/09/2024 15:32:07,20.59,4963.84
1158,08/09/2024 15:52:07,20.55,4953.60
1159,08/09/2024 16:12:07,20.63,4953.60
1160,08/09/2024 16:32:07,20.59,4960.00
1161,08/09/2024 16:52:07,20.59,4963.84
1162,08/09/2024 17:12:07,20.55,4951.04
1163,08/09/2024 17:32:07,20.55,4967.68
1164,08/09/2024 17:52:07,20.55,4963.84
1165,08/09/2024 18:12:07,20.59,4960.00
1166,08/09/2024 18:32:07,20.55,4970.24
1167,08/09/2024 18:52:07,20.59,4970.24
1168,08/09/2024 19:12:07,20.55,4970.24
1169,08/09/2024 19:32:07,20.50,4963.84
1170,08/09/2024 19:52:07,20.59,4970.24
1171,08/09/2024 20:12:07,20.63,4963.84
1172,08/09/2024 20:32:07,20.59,4970.24
1173,08/09/2024 20:52:07,20.55,4976.64
1174,08/09/2024 21:12:07,22.26,5250.56
1175,08/09/2024 21:32:07,26.55,5447.68
1176,08/09/2024 21:52:07,27.32,5473.28
1177,08/09/2024 22:12:07,27.50,5478.40
1178,08/09/2024 22:32:07,27.58,5480.96
1179,08/09/2024 22:52:07,27.63,5480.96
1180,08/09/2024 23:12:07,26.85,0.00
1181,08/09/2024 23:32:07,26.04,0.00
1182,08/09/2024 23:52:07,25.91,0.00
1183,08/10/2024 00:12:07,25.91,0.00
1184,08/10/2024 00:32:07,25.95,0.00
1185,08/10/2024 00:52:07,25.91,0.00
1186,08/10/2024 01:12:07,25.91,0.00
1187,08/10/2024 01:32:07,25.95,0.00
1188,08/10/2024 01:52:07,25.91,0.00
1189,08/10/2024 02:12:07,25.91,0.00
1190,08/10/2024 02:32:07,25.91,0.00
1191,08/10/2024 02:52:07,25.95,0.00
1192,08/10/2024 03:12:07,25.95,0.00
1193,08/10/2024 03:32:07,25.91,0.00
1194,08/10/2024 03:52:07,25.91,0.00
1195,08/10/2024 04:12:07,25.99,0.00
1196,08/10/2024 04:32:07,25.91,0.00
1197,08/10/2024 04:52:07,25.95,0.00
1198,08/10/2024 05:12:07,25.91,0.00
1199,08/10/2024 05:32:07,25.95,0.00
1200,08/10/2024 05:52:07,25.95,0.00
1201,08/10/2024 06:12:07,25.95,0.00
1202,08/10/2024 06:32:07,25.95,0.00
1203,08/10/2024 06:52:07,25.95,0.00
1204,08/10/2024 07:12:07,26.72,5527.04
1205,08/10/2024 07:32:07,27.58,5532.16
1206,08/10/2024 07:52:07,27.67,5527.04
1207,08/10/2024 08:12:07,27.71,5514.24
1208,08/10/2024 08:32:07,27.71,5514.24
1209,08/10/2024 08:52:07,27.75,5514.24
1210,08/10/2024 09:12:07,25.52,5352.96
1211,08/10/2024 09:32:07,21.32,5091.84
1212,08/10/2024 09:52:07,20.76,5029.12
1213,08/10/2024 10:12:07,20.76,5029.12
1214,08/10/2024 10:32:07,20.68,5022.72
1215,08/10/2024 10:52:07,20.63,5009.92
1216,08/10/2024 11:12:07,20.59,5006.08
1217,08/10/2024 11:32:07,20.63,5022.72
1218,08/10/2024 11:52:07,20.59,5009.92
1219,08/10/2024 12:12:07,20.63,5003.52
1220,08/10/2024 12:32:07,20.55,4999.68
1221,08/10/2024 12:52:07,20.55,5003.52
1222,08/10/2024 13:12:07,20.55,5006.08
1223,08/10/2024 13:32:07,20.55,4999.68
1224,08/10/2024 13:52:07,20.50,4999.68
1225,08/10/2024 14:12:07,20.55,5009.92
1226,08/10/2024 14:32:07,20.50,5009.92
1227,08/10/2024 14:52:07,20.55,4986.88
1228,08/10/2024 15:12:07,20.55,5006.08
1229,08/10/2024 15:32:07,20.55,5006.08
1230,08/10/2024 15:52:07,20.50,4997.12
1231,08/10/2024 16:12:07,20.59,5009.92
1232,08/10/2024 16:32:07,20.55,5006.08
1233,08/10/2024 16:52:07,20.50,5012.48
1234,08/10/2024 17:12:07,20.55,5009.92
1235,08/10/2024 17:32:07,20.55,5016.32
1236,08/10/2024 17:52:07,20.55,5012.48
1237,08/10/2024 18:12:07,20.50,5018.88
1238,08/10/2024 18:32:07,20.55,5012.48
1239,08/10/2024 18:52:07,20.59,5009.92
1240,08/10/2024 19:12:07,20.59,5009.92
1241,08/10/2024 19:32:07,20.59,5016.32
1242,08/10/2024 19:52:07,20.50,5006.08
1243,08/10/2024 20:12:07,20.55,4999.68
1244,08/10/2024 20:32:07,20.55,5012.48
1245,08/10/2024 20:52:07,20.55,5009.92
1246,08/10/2024 21:12:07,22.22,5301.76
1247,08/10/2024 21:32:07,26.55,5463.04
1248,08/10/2024 21:52:07,27.32,5486.08
1249,08/10/2024 22:12:07,27.54,5491.20
1250,08/10/2024 22:32:07,27.58,5491.20
1251,08/10/2024 22:52:07,27.63,5493.76
1252,08/10/2024 23:12:07,26.85,0.00
1253,08/10/2024 23:32:07,26.04,0.00
1254,08/10/2024 23:52:07,25.95,0.00
1255,08/11/2024 00:12:07,25.91,0.00
1256,08/11/2024 00:32:07,25.91,0.00
1257,08/11/2024 00:52:07,25.91,0.00
1258,08/11/2024 01:12:07,25.95,0.00
1259,08/11/2024 01:32:07,25.91,0.00
1260,08/11/2024 01:52:07,25.91,0.00
1261,08/11/2024 02:12:07,25.95,0.00
1262,08/11/2024 02:32:07,25.91,0.00
1263,08/11/2024 02:52:07,25.91,0.00
1264,08/11/2024 03:12:07,25.91,0.00
1265,08/11/2024 03:32:07,25.95,0.00
1266,08/11/2024 03:52:07,25.91,0.00
1267,08/11/2024 04:12:07,25.91,0.00
1268,08/11/2024 04:32:07,25.91,0.00
1269,08/11/2024 04:52:07,25.95,0.00
1270,08/11/2024 05:12:07,25.95,0.00
1271,08/11/2024 05:32:07,25.91,0.00
1272,08/11/2024 05:52:07,25.91,0.00
1273,08/11/2024 06:12:07,25.95,0.00
1274,08/11/2024 06:32:07,25.95,0.00
1275,08/11/2024 06:52:07,25.95,0.00
1276,08/11/2024 07:12:07,26.72,5514.24
1277,08/11/2024 07:32:07,27.54,5527.04
1278,08/11/2024 07:52:07,27.67,5527.04
1279,08/11/2024 08:12:07,27.71,5516.80
1280,08/11/2024 08:32:07,27.67,5509.12
1281,08/11/2024 08:52:07,27.71,5509.12
1282,08/11/2024 09:12:07,25.52,5365.76
1283,08/11/2024 09:32:07,21.28,5134.08
1284,08/11/2024 09:52:07,20.76,5064.96
1285,08/11/2024 10:12:07,20.72,5056.00
1286,08/11/2024 10:32:07,20.72,5052.16
1287,08/11/2024 10:52:07,20.63,5052.16
1288,08/11/2024 11:12:07,20.59,5032.96
1289,08/11/2024 11:32:07,20.55,5032.96
1290,08/11/2024 11:52:07,20.59,5035.52
1291,08/11/2024 12:12:07,20.55,5026.56
1292,08/11/2024 12:32:07,20.59,5012.48
1293,08/11/2024 12:52:07,20.55,5016.32
1294,08/11/2024 13:12:07,20.50,5018.88
1295,08/11/2024 13:32:07,20.50,5026.56
1296,08/11/2024 13:52:07,20.55,5032.96
1297,08/11/2024 14:12:07,20.59,5026.56
1298,08/11/2024 14:32:07,20.59,5022.72
1299,08/11/2024 14:52:07,20.59,5018.88
1300,08/11/2024 15:12:07,20.50,5026.56
1301,08/11/2024 15:32:07,20.55,5018.88
1302,08/11/2024 15:52:07,20.59,5026.56
1303,08/11/2024 16:12:07,20.59,5032.96
1304,08/11/2024 16:32:07,20.59,5039.36
1305,08/11/2024 16:52:07,20.55,5026.56
1306,08/11/2024 17:12:07,20.55,5018.88
1307,08/11/2024 17:32:07,20.55,5018.88
1308,08/11/2024 17:52:07,20.55,5009.92
1309,08/11/2024 18:12:07,20.55,5018.88
1310,08/11/2024 18:32:07,20.50,5016.32
1311,08/11/2024 18:52:07,20.55,5016.32
1312,08/11/2024 19:12:07,20.55,5018.88
1313,08/11/2024 19:32:07,20.55,5029.12
1314,08/11/2024 19:52:07,20.55,5009.92
1315,08/11/2024 20:12:07,20.55,5012.48
1316,08/11/2024 20:32:07,20.50,5012.48
1317,08/11/2024 20:52:07,20.55,5018.88
1318,08/11/2024 21:12:07,22.22,5294.08
1319,08/11/2024 21:32:07,26.60,5455.36
1320,08/11/2024 21:52:07,27.37,5478.40
1321,08/11/2024 22:12:07,27.54,5480.96
1322,08/11/2024 22:32:07,27.54,5483.52
1323,08/11/2024 22:52:07,27.67,5483.52
1324,08/11/2024 23:12:07,26.90,0.00
1325,08/11/2024 23:32:07,26.08,0.00
1326,08/11/2024 23:52:07,25.95,0.00
1327,08/12/2024 00:12:07,25.91,0.00
1328,08/12/2024 00:32:07,25.91,0.00
1329,08/12/2024 00:52:07,25.91,0.00
1330,08/12/2024 01:12:07,25.95,0.00
1331,08/12/2024 01:32:07,25.95,0.00
1332,08/12/2024 01:52:07,25.91,0.00
1333,08/12/2024 02:12:07,25.95,0.00
1334,08/12/2024 02:32:07,25.95,0.00
1335,08/12/2024 02:52:07,25.95,0.00
1336,08/12/2024 03:12:07,25.91,0.00
1337,08/12/2024 03:32:07,25.87,0.00
1338,08/12/2024 03:52:07,25.95,0.00
1339,08/12/2024 04:12:07,25.87,0.00
1340,08/12/2024 04:32:07,25.95,0.00
1341,08/12/2024 04:52:07,25.91,0.00
1342,08/12/2024 05:12:07,25.91,0.00
1343,08/12/2024 05:32:07,25.91,0.00
1344,08/12/2024 05:52:07,25.91,0.00
1345,08/12/2024 06:12:07,25.91,0.00
1346,08/12/2024 06:32:07,25.91,0.00
1347,08/12/2024 06:52:07,25.95,0.00
1348,08/12/2024 07:12:07,26.77,5509.12
1349,08/12/2024 07:32:07,27.58,5519.36
1350,08/12/2024 07:52:07,27.67,5516.80
1351,08/12/2024 08:12:07,27.71,5516.80
1352,08/12/2024 08:32:07,27.75,5491.20
1353,08/12/2024 08:52:07,27.71,5486.08
1354,08/12/2024 09:12:07,25.44,5322.24
1355,08/12/2024 09:32:07,21.28,5075.20
1356,08/12/2024 09:52:07,20.80,5009.92
1357,08/12/2024 10:12:07,20.68,5009.92
1358,08/12/2024 10:32:07,20.63,4997.12
1359,08/12/2024 10:52:07,20.63,4989.44
1360,08/12/2024 11:12:07,20.59,4993.28
1361,08/12/2024 11:32:07,20.63,4986.88
1362,08/12/2024 11:52:07,20.63,4997.12
1363,08/12/2024 12:12:07,20.55,4986.88
1364,08/12/2024 12:32:07,20.55,4976.64
1365,08/12/2024 12:52:07,20.59,4989.44
1366,08/12/2024 13:12:07,20.50,4980.48
1367,08/12/2024 13:32:07,20.55,4976.64
1368,08/12/2024 13:52:07,20.98,5239.04
1369,08/12/2024 14:12:07,20.76,4652.80
1370,08/12/2024 14:32:07,20.72,4665.60
1371,08/12/2024 14:52:07,20.76,4672.00
1372,08/12/2024 15:12:07,20.72,4675.84
1373,08/12/2024 15:32:07,20.76,4678.40
1374,08/12/2024 15:52:07,20.76,4675.84
1375,08/12/2024 16:12:07,20.76,4686.08
1376,08/12/2024 16:32:07,20.72,4682.24
1377,08/12/2024 16:52:07,20.76,4686.08
1378,08/12/2024 17:12:07,20.72,4688.64
1379,08/12/2024 17:32:07,20.72,4698.88
1380,08/12/2024 17:52:07,20.72,4695.04
1381,08/12/2024 18:12:07,20.76,4692.48
1382,08/12/2024 18:32:07,20.72,4701.44
1383,08/12/2024 18:52:07,20.80,4695.04
1384,08/12/2024 19:12:07,20.76,4707.84
1385,08/12/2024 19:32:07,20.76,4701.44
1386,08/12/2024 19:52:07,20.80,4698.88
1387,08/12/2024 20:12:07,20.72,4705.28
1388,08/12/2024 20:32:07,20.72,4698.88
1389,08/12/2024 20:52:07,20.76,4705.28
1390,08/12/2024 21:12:07,22.43,4917.76
1391,08/12/2024 21:32:07,26.34,5081.60
1392,08/12/2024 21:52:07,26.98,5098.24
1393,08/12/2024 22:12:07,27.20,5100.80
1394,08/12/2024 22:32:07,27.28,5094.40
1395,08/12/2024 22:52:07,27.32,5104.64
1396,08/12/2024 23:12:07,26.68,0.00
1397,08/12/2024 23:32:07,26.04,0.00
1398,08/12/2024 23:52:07,25.95,0.00
1399,08/13/2024 00:12:07,25.99,0.00
1400,08/13/2024 00:32:07,25.95,0.00
1401,08/13/2024 00:52:07,25.95,0.00
1402,08/13/2024 01:12:07,25.99,0.00
1403,08/13/2024 01:32:07,25.95,0.00
1404,08/13/2024 01:52:07,25.95,0.00
1405,08/13/2024 02:12:07,25.95,0.00
1406,08/13/2024 02:32:07,25.99,0.00
1407,08/13/2024 02:52:07,25.99,0.00
1408,08/13/2024 03:12:07,25.95,0.00
1409,08/13/2024 03:32:07,25.99,0.00
1410,08/13/2024 03:52:07,25.95,0.00
1411,08/13/2024 04:12:07,25.99,0.00
1412,08/13/2024 04:32:07,25.95,0.00
1413,08/13/2024 04:52:07,25.95,0.00
1414,08/13/2024 05:12:07,25.95,0.00
1415,08/13/2024 05:32:07,25.95,0.00
1416,08/13/2024 05:52:07,25.99,0.00
1417,08/13/2024 06:12:07,25.95,0.00
1418,08/13/2024 06:32:07,25.95,0.00
1419,08/13/2024 06:52:07,25.95,0.00
1420,08/13/2024 07:12:07,26.68,5169.92
1421,08/13/2024 07:32:07,27.32,5190.40
1422,08/13/2024 07:52:07,27.41,5182.72
1423,08/13/2024 08:12:07,27.45,5173.76
1424,08/13/2024 08:32:07,27.45,5163.52
1425,08/13/2024 08:52:07,27.45,5160.96
1426,08/13/2024 09:12:07,25.14,5016.32
1427,08/13/2024 09:32:07,21.53,4816.64
1428,08/13/2024 09:52:07,21.06,4789.76
1429,08/13/2024 10:12:07,21.02,4787.20
1430,08/13/2024 10:32:07,20.93,4797.44
1431,08/13/2024 10:52:07,20.89,4789.76
1432,08/13/2024 11:12:07,20.85,4787.20
1433,08/13/2024 11:32:07,20.85,4783.36
1434,08/13/2024 11:52:07,20.76,4787.20
1435,08/13/2024 12:12:07,20.80,4780.80
1436,08/13/2024 12:32:07,20.76,4776.96
1437,08/13/2024 12:52:07,20.72,4776.96
1438,08/13/2024 13:12:07,20.76,4780.80
1439,08/13/2024 13:32:07,20.80,4776.96
1440,08/13/2024 13:52:07,20.76,4780.80
1441,08/13/2024 14:12:07,20.76,4783.36
1442,08/13/2024 14:32:07,20.72,4780.80
1443,08/13/2024 14:52:07,20.72,4770.56
1444,08/13/2024 15:12:07,20.80,4776.96
1445,08/13/2024 15:32:07,20.80,4780.80
1446,08/13/2024 15:52:07,20.76,4783.36
1447,08/13/2024 16:12:07,20.76,4776.96
1448,08/13/2024 16:32:07,20.76,4774.40
1449,08/13/2024 16:52:07,20.76,4774.40
1450,08/13/2024 17:12:07,20.72,4774.40
1451,08/13/2024 17:32:07,20.72,4774.40
1452,08/13/2024 17:52:07,20.76,4774.40
1453,08/13/2024 18:12:07,20.76,4770.56
1454,08/13/2024 18:32:07,20.72,4780.80
1455,08/13/2024 18:52:07,20.76,4770.56
1456,08/13/2024 19:12:07,20.76,4776.96
1457,08/13/2024 19:32:07,20.76,4774.40
1458,08/13/2024 19:52:07,20.76,4774.40
1459,08/13/2024 20:12:07,20.76,4776.96
1460,08/13/2024 20:32:07,20.76,4774.40
1461,08/13/2024 20:52:07,20.76,4780.80
1462,08/13/2024 21:12:07,22.43,4999.68
1463,08/13/2024 21:32:07,26.30,5130.24
1464,08/13/2024 21:52:07,26.98,5144.32
1465,08/13/2024 22:12:07,27.20,5150.72
1466,08/13/2024 22:32:07,27.24,5150.72
1467,08/13/2024 22:52:07,27.32,5153.28
1468,08/13/2024 23:12:07,26.68,0.00
1469,08/13/2024 23:32:07,26.08,0.00
1470,08/13/2024 23:52:07,25.95,0.00
1471,08/14/2024 00:12:07,25.99,0.00
1472,08/14/2024 00:32:07,25.99,0.00
1473,08/14/2024 00:52:07,25.99,0.00
1474,08/14/2024 01:12:07,25.95,0.00
1475,08/14/2024 01:32:07,25.95,0.00
1476,08/14/2024 01:52:07,25.95,0.00
1477,08/14/2024 02:12:07,25.99,0.00
1478,08/14/2024 02:32:07,25.99,0.00
1479,08/14/2024 02:52:07,25.99,0.00
1480,08/14/2024 03:12:07,25.91,0.00
1481,08/14/2024 03:32:07,25.95,0.00
1482,08/14/2024 03:52:07,25.99,0.00
1483,08/14/2024 04:12:07,25.99,0.00
1484,08/14/2024 04:32:07,25.99,0.00
1485,08/14/2024 04:52:07,25.99,0.00
1486,08/14/2024 05:12:07,25.95,0.00
1487,08/14/2024 05:32:07,25.95,0.00
1488,08/14/2024 05:52:07,25.95,0.00
1489,08/14/2024 06:12:07,25.99,0.00
1490,08/14/2024 06:32:07,25.95,0.00
1491,08/14/2024 06:52:07,25.91,0.00
1492,08/14/2024 07:12:07,26.68,5182.72
1493,08/14/2024 07:32:07,27.32,5205.76
1494,08/14/2024 07:52:07,27.41,5196.80
1495,08/14/2024 08:12:07,27.45,5196.80
1496,08/14/2024 08:32:07,27.45,5176.32
1497,08/14/2024 08:52:07,27.45,5176.32
1498,08/14/2024 09:12:07,25.22,5041.92
1499,08/14/2024 09:32:07,21.62,4812.80
1500,08/14/2024 09:52:07,21.10,4776.96
1501,08/14/2024 10:12:07,20.98,4783.36
1502,08/14/2024 10:32:07,20.93,4774.40
1503,08/14/2024 10:52:07,20.89,4774.40
1504,08/14/2024 11:12:07,20.89,4774.40
1505,08/14/2024 11:32:07,20.85,4774.40
1506,08/14/2024 11:52:07,20.85,4764.16
1507,08/14/2024 12:12:07,20.80,4776.96
1508,08/14/2024 12:32:07,20.76,4774.40
1509,08/14/2024 12:52:07,20.80,4776.96
1510,08/14/2024 13:12:07,20.76,4770.56
1511,08/14/2024 13:32:07,20.76,4770.56
1512,08/14/2024 13:52:07,20.76,4774.40
1513,08/14/2024 14:12:07,20.76,4770.56
1514,08/14/2024 14:32:07,20.76,4774.40
1515,08/14/2024 14:52:07,20.72,4774.40
1516,08/14/2024 15:12:07,20.72,4764.16
1517,08/14/2024 15:32:07,20.76,4768.00
1518,08/14/2024 15:52:07,20.72,4760.32
1519,08/14/2024 16:12:07,20.72,4757.76
1520,08/14/2024 16:32:07,20.72,4764.16
1521,08/14/2024 16:52:07,20.80,4764.16
1522,08/14/2024 17:12:07,20.76,4770.56
1523,08/14/2024 17:32:07,20.72,4764.16
1524,08/14/2024 17:52:07,20.76,4764.16
1525,08/14/2024 18:12:07,20.72,4768.00
1526,08/14/2024 18:32:07,20.80,4768.00
1527,08/14/2024 18:52:07,20.80,4768.00
1528,08/14/2024 19:12:07,20.72,4768.00
1529,08/14/2024 19:32:07,20.72,4760.32
1530,08/14/2024 19:52:07,20.76,4764.16
1531,08/14/2024 20:12:07,20.76,4768.00
1532,08/14/2024 20:32:07,20.76,4764.16
1533,08/14/2024 20:52:07,20.76,4768.00
1534,08/14/2024 21:12:07,22.39,4986.88
1535,08/14/2024 21:32:07,26.34,5137.92
1536,08/14/2024 21:52:07,26.98,5153.28
1537,08/14/2024 22:12:07,27.11,5157.12
1538,08/14/2024 22:32:07,27.28,5163.52
1539,08/14/2024 22:52:07,27.28,5163.52
1540,08/14/2024 23:12:07,26.68,0.00
1541,08/14/2024 23:32:07,25.99,0.00
1542,08/14/2024 23:52:07,25.95,0.00
1543,08/15/2024 00:12:07,25.91,0.00
1544,08/15/2024 00:32:07,25.95,0.00
1545,08/15/2024 00:52:07,25.95,0.00
1546,08/15/2024 01:12:07,25.91,0.00
1547,08/15/2024 01:32:07,25.95,0.00
1548,08/15/2024 01:52:07,25.91,0.00
1549,08/15/2024 02:12:07,25.91,0.00
1550,08/15/2024 02:32:07,25.87,0.00
1551,08/15/2024 02:52:07,25.91,0.00
1552,08/15/2024 03:12:07,25.91,0.00
1553,08/15/2024 03:32:07,25.95,0.00
1554,08/15/2024 03:52:07,25.95,0.00
1555,08/15/2024 04:12:07,25.95,0.00
1556,08/15/2024 04:32:07,25.95,0.00
1557,08/15/2024 04:52:07,25.91,0.00
1558,08/15/2024 05:12:07,25.95,0.00
1559,08/15/2024 05:32:07,25.95,0.00
1560,08/15/2024 05:52:07,25.91,0.00
1561,08/15/2024 06:12:07,25.95,0.00
1562,08/15/2024 06:32:07,25.91,0.00
1563,08/15/2024 06:52:07,25.91,0.00
1564,08/15/2024 07:12:07,26.64,5192.96
1565,08/15/2024 07:32:07,27.28,5205.76
1566,08/15/2024 07:52:07,27.37,5203.20
1567,08/15/2024 08:12:07,27.45,5196.80
1568,08/15/2024 08:32:07,27.41,5186.56
1569,08/15/2024 08:52:07,27.45,5182.72
1570,08/15/2024 09:12:07,25.09,5056.00
1571,08/15/2024 09:32:07,21.53,4852.48
1572,08/15/2024 09:52:07,21.06,4826.88
1573,08/15/2024 10:12:07,20.98,4816.64
1574,08/15/2024 10:32:07,20.98,4812.80
1575,08/15/2024 10:52:07,20.89,4816.64
1576,08/15/2024 11:12:07,20.85,4810.24
1577,08/15/2024 11:32:07,20.85,4816.64
1578,08/15/2024 11:52:07,20.85,4806.40
1579,08/15/2024 12:12:07,20.76,4800.00
1580,08/15/2024 12:32:07,20.76,4803.84
1581,08/15/2024 12:52:07,20.80,4803.84
1582,08/15/2024 13:12:07,20.76,4812.80
1583,08/15/2024 13:32:07,20.76,4793.60
1584,08/15/2024 13:52:07,20.76,4793.60
1585,08/15/2024 14:12:07,20.72,4787.20
1586,08/15/2024 14:32:07,20.76,4787.20
1587,08/15/2024 14:52:07,20.76,4780.80
1588,08/15/2024 15:12:07,20.72,4783.36
1589,08/15/2024 15:32:07,20.80,4787.20
1590,08/15/2024 15:52:07,20.80,4789.76
1591,08/15/2024 16:12:07,20.72,4787.20
1592,08/15/2024 16:32:07,20.76,4787.20
1593,08/15/2024 16:52:07,20.76,4787.20
1594,08/15/2024 17:12:07,20.80,4789.76
1595,08/15/2024 17:32:07,20.80,4780.80
1596,08/15/2024 17:52:07,20.76,4783.36
1597,08/15/2024 18:12:07,20.76,4780.80
1598,08/15/2024 18:32:07,20.76,4776.96
1599,08/15/2024 18:52:07,20.76,4787.20
1600,08/15/2024 19:12:07,20.76,4776.96
1601,08/15/2024 19:32:07,20.80,4780.80
1602,08/15/2024 19:52:07,20.76,4774.40
1603,08/15/2024 20:12:07,20.76,4776.96
1604,08/15/2024 20:32:07,20.72,4774.40
1605,08/15/2024 20:52:07,20.76,4776.96
1606,08/15/2024 21:12:07,22.43,4997.12
1607,08/15/2024 21:32:07,26.34,5130.24
1608,08/15/2024 21:52:07,26.98,5140.48
1609,08/15/2024 22:12:07,27.15,5144.32
1610,08/15/2024 22:32:07,27.28,5144.32
1611,08/15/2024 22:52:07,27.28,5146.88
1612,08/15/2024 23:12:07,26.72,0.00
1613,08/15/2024 23:32:07,25.99,0.00
1614,08/15/2024 23:52:07,25.95,0.00
1615,08/16/2024 00:12:07,25.95,0.00
1616,08/16/2024 00:32:07,25.95,0.00
1617,08/16/2024 00:52:07,25.91,0.00
1618,08/16/2024 01:12:07,25.91,0.00
1619,08/16/2024 01:32:07,25.91,0.00
1620,08/16/2024 01:52:07,25.91,0.00
1621,08/16/2024 02:12:07,25.91,0.00
1622,08/16/2024 02:32:07,25.95,0.00
1623,08/16/2024 02:52:07,25.95,0.00
1624,08/16/2024 03:12:07,25.91,0.00
1625,08/16/2024 03:32:07,25.95,0.00
1626,08/16/2024 03:52:07,25.95,0.00
1627,08/16/2024 04:12:07,25.91,0.00
1628,08/16/2024 04:32:07,25.95,0.00
1629,08/16/2024 04:52:07,25.95,0.00
1630,08/16/2024 05:12:07,25.95,0.00
1631,08/16/2024 05:32:07,25.95,0.00
1632,08/16/2024 05:52:07,25.95,0.00
1633,08/16/2024 06:12:07,25.95,0.00
1634,08/16/2024 06:32:07,25.91,0.00
1635,08/16/2024 06:52:07,25.95,0.00
1636,08/16/2024 07:12:07,26.64,5169.92
1637,08/16/2024 07:32:07,27.28,5182.72
1638,08/16/2024 07:52:07,27.37,5180.16
1639,08/16/2024 08:12:07,27.37,5173.76
1640,08/16/2024 08:32:07,27.37,5163.52
1641,08/16/2024 08:52:07,27.45,5157.12
1642,08/16/2024 09:12:07,25.14,5018.88
1643,08/16/2024 09:32:07,21.58,4826.88
1644,08/16/2024 09:52:07,21.10,4800.00
1645,08/16/2024 10:12:07,21.02,4793.60
1646,08/16/2024 10:32:07,21.02,4783.36
1647,08/16/2024 10:52:07,20.89,4783.36
1648,08/16/2024 11:12:07,20.93,4780.80
1649,08/16/2024 11:32:07,20.85,4770.56
1650,08/16/2024 11:52:07,20.80,4770.56
1651,08/16/2024 12:12:07,20.76,4768.00
1652,08/16/2024 12:32:07,20.76,4768.00
1653,08/16/2024 12:52:07,20.76,4768.00
1654,08/16/2024 13:12:07,20.76,4768.00
1655,08/16/2024 13:32:07,20.76,4774.40
1656,08/16/2024 13:52:07,20.85,2575.36
1657,08/16/2024 14:12:07,21.02,2572.16
1658,08/16/2024 14:32:07,20.98,2567.04
1659,08/16/2024 14:52:07,20.93,2567.04
1660,08/16/2024 15:12:07,20.98,2567.04
1661,08/16/2024 15:32:07,20.93,2558.72
1662,08/16/2024 15:52:07,20.93,2558.72
1663,08/16/2024 16:12:07,20.93,2561.92
1664,08/16/2024 16:32:07,20.93,2561.92
1665,08/16/2024 16:52:07,20.93,2560.64
1666,08/16/2024 17:12:07,20.93,2558.72
1667,08/16/2024 17:32:07,20.98,2558.72
1668,08/16/2024 17:52:07,20.93,2560.64
1669,08/16/2024 18:12:07,20.93,2557.44
1670,08/16/2024 18:32:07,20.98,2557.44
1671,08/16/2024 18:52:07,21.02,2555.52
1672,08/16/2024 19:12:07,21.02,2555.52
1673,08/16/2024 19:32:07,20.93,2557.44
1674,08/16/2024 19:52:07,20.93,2555.52
1675,08/16/2024 20:12:07,20.98,2555.52
1676,08/16/2024 20:32:07,21.02,2554.24
1677,08/16/2024 20:52:07,21.02,2560.64
1678,08/16/2024 21:12:07,22.05,2695.68
1679,08/16/2024 21:32:07,24.79,2740.48
1680,08/16/2024 21:52:07,25.65,2734.08
1681,08/16/2024 22:12:07,25.99,2731.52
1682,08/16/2024 22:32:07,26.17,2734.08
1683,08/16/2024 22:52:07,26.34,2736.64
1684,08/16/2024 23:12:07,26.17,0.00
1685,08/16/2024 23:32:07,26.04,0.00
1686,08/16/2024 23:52:07,25.95,0.00
1687,08/17/2024 00:12:07,25.95,0.00
1688,08/17/2024 00:32:07,25.99,0.00
1689,08/17/2024 00:52:07,25.95,0.00
1690,08/17/2024 01:12:07,25.99,0.00
1691,08/17/2024 01:32:07,25.99,0.00
1692,08/17/2024 01:52:07,25.99,0.00
1693,08/17/2024 02:12:07,25.95,0.00
1694,08/17/2024 02:32:07,25.95,0.00
1695,08/17/2024 02:52:07,25.91,0.00
1696,08/17/2024 03:12:07,25.95,0.00
1697,08/17/2024 03:32:07,25.95,0.00
1698,08/17/2024 03:52:07,25.91,0.00
1699,08/17/2024 04:12:07,25.95,0.00
1700,08/17/2024 04:32:07,25.95,0.00
1701,08/17/2024 04:52:07,25.99,0.00
1702,08/17/2024 05:12:07,25.95,0.00
1703,08/17/2024 05:32:07,25.95,0.00
1704,08/17/2024 05:52:07,25.95,0.00
1705,08/17/2024 06:12:07,25.91,0.00
1706,08/17/2024 06:32:07,25.95,0.00
1707,08/17/2024 06:52:07,25.99,0.00
1708,08/17/2024 07:12:07,26.21,2772.48
1709,08/17/2024 07:32:07,26.38,2775.04
1710,08/17/2024 07:52:07,26.47,2772.48
1711,08/17/2024 08:12:07,26.55,2764.80
1712,08/17/2024 08:32:07,26.60,2760.96
1713,08/17/2024 08:52:07,26.60,2752.00
1714,08/17/2024 09:12:07,24.97,2658.56
1715,08/17/2024 09:32:07,22.13,2570.24
1716,08/17/2024 09:52:07,21.53,2547.20
1717,08/17/2024 10:12:07,21.40,2544.00
1718,08/17/2024 10:32:07,21.36,2547.20
1719,08/17/2024 10:52:07,21.28,2555.52
1720,08/17/2024 11:12:07,21.23,2550.40
1721,08/17/2024 11:32:07,21.19,2552.32
1722,08/17/2024 11:52:07,21.23,2552.32
1723,08/17/2024 12:12:07,21.15,2550.40
1724,08/17/2024 12:32:07,21.15,2552.32
1725,08/17/2024 12:52:07,21.19,2554.24
1726,08/17/2024 13:12:07,21.19,2552.32
1727,08/17/2024 13:32:07,21.15,2554.24
1728,08/17/2024 13:52:07,21.10,2545.92
1729,08/17/2024 14:12:07,21.15,2549.12
1730,08/17/2024 14:32:07,21.19,2549.12
1731,08/17/2024 14:52:07,21.19,2552.32
1732,08/17/2024 15:12:07,21.10,2547.20
1733,08/17/2024 15:32:07,21.15,2549.12
1734,08/17/2024 15:52:07,21.15,2549.12
1735,08/17/2024 16:12:07,21.15,2550.40
1736,08/17/2024 16:32:07,21.10,2549.12
1737,08/17/2024 16:52:07,21.10,2549.12
1738,08/17/2024 17:12:07,21.06,2552.32
1739,08/17/2024 17:32:07,21.10,2544.00
1740,08/17/2024 17:52:07,21.06,2542.72
1741,08/17/2024 18:12:07,21.06,2544.00
1742,08/17/2024 18:32:07,21.06,2539.52
1743,08/17/2024 18:52:07,21.02,2545.92
1744,08/17/2024 19:12:07,21.02,2545.92
1745,08/17/2024 19:32:07,21.02,2544.00
1746,08/17/2024 19:52:07,21.02,2542.72
1747,08/17/2024 20:12:07,21.06,2544.00
1748,08/17/2024 20:32:07,21.15,2549.12
1749,08/17/2024 20:52:07,21.19,2550.40
1750,08/17/2024 21:12:07,22.31,2700.80
1751,08/17/2024 21:32:07,24.88,2723.84
1752,08/17/2024 21:52:07,25.74,2721.28
1753,08/17/2024 22:12:07,26.08,2718.72
1754,08/17/2024 22:32:07,26.25,2716.16
1755,08/17/2024 22:52:07,26.34,2716.16
1756,08/17/2024 23:12:07,26.17,0.00
1757,08/17/2024 23:32:07,25.99,0.00
1758,08/17/2024 23:52:07,25.95,0.00
1759,08/18/2024 00:12:07,25.99,0.00
1760,08/18/2024 00:32:07,25.95,0.00
1761,08/18/2024 00:52:07,25.99,0.00
1762,08/18/2024 01:12:07,25.95,0.00
1763,08/18/2024 01:32:07,25.99,0.00
1764,08/18/2024 01:52:07,25.95,0.00
1765,08/18/2024 02:12:07,25.91,0.00
1766,08/18/2024 02:32:07,25.95,0.00
1767,08/18/2024 02:52:07,25.95,0.00
1768,08/18/2024 03:12:07,25.99,0.00
1769,08/18/2024 03:32:07,25.95,0.00
1770,08/18/2024 03:52:07,25.95,0.00
1771,08/18/2024 04:12:07,25.95,0.00
1772,08/18/2024 04:32:07,25.95,0.00
1773,08/18/2024 04:52:07,25.99,0.00
1774,08/18/2024 05:12:07,25.99,0.00
1775,08/18/2024 05:32:07,25.91,0.00
1776,08/18/2024 05:52:07,25.95,0.00
1777,08/18/2024 06:12:07,25.95,0.00
1778,08/18/2024 06:32:07,25.99,0.00
1779,08/18/2024 06:52:07,25.95,0.00
1780,08/18/2024 07:12:07,26.30,2771.20
1781,08/18/2024 07:32:07,26.47,2757.12
1782,08/18/2024 07:52:07,26.55,2763.52
1783,08/18/2024 08:12:07,26.64,2753.28
1784,08/18/2024 08:32:07,26.64,2746.88
1785,08/18/2024 08:52:07,26.68,2746.88
1786,08/18/2024 09:12:07,25.09,2652.16
1787,08/18/2024 09:32:07,22.26,2561.92
1788,08/18/2024 09:52:07,21.62,2537.60
1789,08/18/2024 10:12:07,21.49,2535.68
1790,08/18/2024 10:32:07,21.36,2535.68
1791,08/18/2024 10:52:07,21.36,2535.68
1792,08/18/2024 11:12:07,21.32,2539.52
1793,08/18/2024 11:32:07,21.28,2531.20
1794,08/18/2024 11:52:07,21.28,2529.28
1795,08/18/2024 12:12:07,21.23,2531.20
1796,08/18/2024 12:32:07,21.19,2531.20
1797,08/18/2024 12:52:07,21.23,2529.28
1798,08/18/2024 13:12:07,21.23,2535.68
1799,08/18/2024 13:32:07,21.23,2537.60
1800,08/18/2024 13:52:07,21.23,2534.40
1801,08/18/2024 14:12:07,21.28,2535.68
1802,08/18/2024 14:32:07,21.23,2539.52
1803,08/18/2024 14:52:07,21.19,2534.40
1804,08/18/2024 15:12:07,21.19,2535.68
1805,08/18/2024 15:32:07,21.19,2539.52
1806,08/18/2024 15:52:07,21.19,2534.40
1807,08/18/2024 16:12:07,21.10,2532.48
1808,08/18/2024 16:32:07,21.19,2534.40
1809,08/18/2024 16:52:07,21.15,2531.20
1810,08/18/2024 17:12:07,21.19,2529.28
1811,08/18/2024 17:32:07,21.15,2529.28
1812,08/18/2024 17:52:07,21.15,2529.28
1813,08/18/2024 18:12:07,21.10,2529.28
1814,08/18/2024 18:32:07,21.10,2534.40
1815,08/18/2024 18:52:07,21.06,2524.80
1816,08/18/2024 19:12:07,21.06,2524.80
1817,08/18/2024 19:32:07,21.06,2526.08
1818,08/18/2024 19:52:07,21.10,2528.00
1819,08/18/2024 20:12:07,21.19,2529.28
1820,08/18/2024 20:32:07,21.15,2531.20
1821,08/18/2024 20:52:07,21.10,2532.48
1822,08/18/2024 21:12:07,22.26,2676.48
1823,08/18/2024 21:32:07,24.92,2709.76
1824,08/18/2024 21:52:07,25.74,2712.32
1825,08/18/2024 22:12:07,26.08,2707.20
1826,08/18/2024 22:32:07,26.25,2707.20
1827,08/18/2024 22:52:07,26.38,2707.20
1828,08/18/2024 23:12:07,26.17,0.00
1829,08/18/2024 23:32:07,26.04,0.00
1830,08/18/2024 23:52:07,25.99,0.00
1831,08/19/2024 00:12:07,25.95,0.00
1832,08/19/2024 00:32:07,25.99,0.00
1833,08/19/2024 00:52:07,25.99,0.00
1834,08/19/2024 01:12:07,25.95,0.00
1835,08/19/2024 01:32:07,25.99,0.00
1836,08/19/2024 01:52:07,25.99,0.00
1837,08/19/2024 02:12:07,25.99,0.00
1838,08/19/2024 02:32:07,25.95,0.00
1839,08/19/2024 02:52:07,25.99,0.00
1840,08/19/2024 03:12:07,25.99,0.00
1841,08/19/2024 03:32:07,25.99,0.00
1842,08/19/2024 03:52:07,25.95,0.00
1843,08/19/2024 04:12:07,25.95,0.00
1844,08/19/2024 04:32:07,25.95,0.00
1845,08/19/2024 04:52:07,25.95,0.00
1846,08/19/2024 05:12:07,25.95,0.00
1847,08/19/2024 05:32:07,25.95,0.00
1848,08/19/2024 05:52:07,25.95,0.00
1849,08/19/2024 06:12:07,25.95,0.00
1850,08/19/2024 06:32:07,25.99,0.00
1851,08/19/2024 06:52:07,25.99,0.00
1852,08/19/2024 07:12:07,26.21,2758.40
1853,08/19/2024 07:32:07,26.42,2753.28
1854,08/19/2024 07:52:07,26.55,2759.68
1855,08/19/2024 08:12:07,26.64,2753.28
1856,08/19/2024 08:32:07,26.64,2748.16
1857,08/19/2024 08:52:07,26.68,2745.60
1858,08/19/2024 09:12:07,25.22,2650.88
1859,08/19/2024 09:32:07,22.31,2565.12
1860,08/19/2024 09:52:07,21.79,2547.20
1861,08/19/2024 10:12:07,21.62,2677.76
1862,08/19/2024 10:32:07,21.53,2666.24
1863,08/19/2024 10:52:07,21.62,2764.80
1864,08/19/2024 11:12:07,21.45,2604.80
1865,08/19/2024 11:32:07,21.58,2601.60
1866,08/19/2024 11:52:07,21.49,1869.44
1867,08/19/2024 12:12:07,21.88,10.66
1868,08/19/2024 12:32:07,21.96,10.66
1869,08/19/2024 12:52:07,22.01,10.66
1870,08/19/2024 13:12:07,22.01,10.66
1871,08/19/2024 13:32:07,22.01,10.66
1872,08/19/2024 13:52:07,22.05,10.66
1873,08/19/2024 14:12:07,22.01,10.66
1874,08/19/2024 14:32:07,22.05,10.66
1875,08/19/2024 14:52:07,22.05,10.66
1876,08/19/2024 15:12:07,21.92,10.66
1877,08/19/2024 15:32:07,21.92,10.66
1878,08/19/2024 15:52:07,21.88,0.40
1879,08/19/2024 16:12:07,21.92,0.40
1880,08/19/2024 16:32:07,21.79,0.40
1881,08/19/2024 16:52:07,21.92,0.40
1882,08/19/2024 17:12:07,21.88,0.40
1883,08/19/2024 17:32:07,21.92,0.40
1884,08/19/2024 17:52:07,21.96,0.40
1885,08/19/2024 18:12:07,21.92,0.40
1886,08/19/2024 18:32:07,21.88,0.40
1887,08/19/2024 18:52:07,21.83,0.40
1888,08/19/2024 19:12:07,21.88,0.40
1889,08/19/2024 19:32:07,21.92,0.40
1890,08/19/2024 19:52:07,21.88,0.40
1891,08/19/2024 20:12:07,21.79,0.40
1892,08/19/2024 20:32:07,21.83,0.40
1893,08/19/2024 20:52:07,21.96,0.40
1894,08/19/2024 21:12:07,21.92,0.40
1895,08/19/2024 21:32:07,21.92,0.40
1896,08/19/2024 21:52:07,21.88,0.40
1897,08/19/2024 22:12:07,21.83,0.40
1898,08/19/2024 22:32:07,21.83,0.40
1899,08/19/2024 22:52:07,21.83,0.40
1900,08/19/2024 23:12:07,21.92,0.40
1901,08/19/2024 23:32:07,21.75,0.40
1902,08/19/2024 23:52:07,21.70,0.40
1903,08/20/2024 00:12:07,21.83,0.40
1904,08/20/2024 00:32:07,21.96,0.40
1905,08/20/2024 00:52:07,21.92,0.40
1906,08/20/2024 01:12:07,21.88,0.40
1907,08/20/2024 01:32:07,21.70,0.40
1908,08/20/2024 01:52:07,21.79,0.40
1909,08/20/2024 02:12:07,21.83,0.40
1910,08/20/2024 02:32:07,21.79,0.40
1911,08/20/2024 02:52:07,21.83,0.40
1912,08/20/2024 03:12:07,21.83,0.40
1913,08/20/2024 03:32:07,21.79,0.40
1914,08/20/2024 03:52:07,21.75,0.40
1915,08/20/2024 04:12:07,21.79,0.40
1916,08/20/2024 04:32:07,21.79,0.40
1917,08/20/2024 04:52:07,21.75,0.40
1918,08/20/2024 05:12:07,21.79,0.40
1919,08/20/2024 05:32:07,21.75,0.40
1920,08/20/2024 05:52:07,21.75,0.40
1921,08/20/2024 06:12:07,21.83,0.40
1922,08/20/2024 06:32:07,21.79,0.40
1923,08/20/2024 06:52:07,21.75,0.40
1924,08/20/2024 07:12:07,21.79,0.40
1925,08/20/2024 07:32:07,21.70,0.40
1926,08/20/2024 07:52:07,21.75,0.40
1927,08/20/2024 08:12:07,22.13,10.87
1928,08/20/2024 08:32:07,19.86,10.87
1929,08/20/2024 08:52:07,18.27,10.87
1930,08/20/2024 09:12:07,18.32,10.87
1931,08/20/2024 09:32:07,18.53,10.87
1932,08/20/2024 09:52:07,18.57,10.87
1933,08/20/2024 10:12:07,18.53,10.87
1934,08/20/2024 10:32:07,18.44,10.87
1935,08/20/2024 10:52:07,18.40,11.07
1936,08/20/2024 11:12:07,18.49,10.87
1937,08/20/2024 11:32:07,18.66,10.87
1938,08/20/2024 11:52:07,19.77,279.76